"SCHOOL_YEAR","SYSTEM_ID","SYSTEM_NAME","SCHOOL_ID","SCHOOL_NAME","NEW_ELL_STUDENTS_COUNT"
"2016","602","Atkinson County","0111","Atkinson County Middle School",3
"2016","602","Atkinson County","0187","Willacoochee Elementary School",2
"2016","602","Atkinson County","0190","Pearson Elementary School",3
"2016","602","Atkinson County","ALL","All Schools",8
"2016","603","Bacon County","0102","Bacon County Primary School",2
"2016","603","Bacon County","ALL","All Schools",2
"2016","605","Baldwin County","0100","Oak Hill MS",2
"2016","605","Baldwin County","0195","Blandy Hills Elementary School",1
"2016","605","Baldwin County","ALL","All Schools",3
"2016","606","Banks County","0105","Banks County Middle School",1
"2016","606","Banks County","0107","Banks County Elementary School",1
"2016","606","Banks County","0205","Banks County Primary School",1
"2016","606","Banks County","ALL","All Schools",3
"2016","607","Barrow County","0105","County Line Elementary School",3
"2016","607","Barrow County","0106","Haymon-Morris Middle School",4
"2016","607","Barrow County","0114","Bear Creek Middle School",2
"2016","607","Barrow County","0193","Bramlett Elementary School",3
"2016","607","Barrow County","0198","Westside Middle School",3
"2016","607","Barrow County","0289","Russell Middle School",2
"2016","607","Barrow County","0298","Yargo Elementary School",3
"2016","607","Barrow County","4050","Holsenbeck Elementary School",3
"2016","607","Barrow County","5050","Statham Elementary School",2
"2016","607","Barrow County","ALL","All Schools",25
"2016","608","Bartow County","0107","Euharlee Elementary School",1
"2016","608","Bartow County","0115","Cloverleaf Elementary",1
"2016","608","Bartow County","0175","White Elementary School",2
"2016","608","Bartow County","0186","Mission Road Elementary School",2
"2016","608","Bartow County","0195","Cass Middle School",3
"2016","608","Bartow County","0196","Allatoona Elementary School",2
"2016","608","Bartow County","0396","Taylorsville Elementary School",1
"2016","608","Bartow County","ALL","All Schools",12
"2016","609","Ben Hill County","0111","Ben Hill Elementary School",1
"2016","609","Ben Hill County","0296","Ben Hill County Middle School",1
"2016","609","Ben Hill County","ALL","All Schools",2
"2016","611","Bibb County","0117","Academy For Classical Education",2
"2016","611","Bibb County","0205","Howard Middle School",7
"2016","611","Bibb County","0305","Rutland Middle School",3
"2016","611","Bibb County","0505","Weaver Middle School",5
"2016","611","Bibb County","0605","Heritage Elementary School",3
"2016","611","Bibb County","0905","Morgan Elementary School",2
"2016","611","Bibb County","1067","Porter Elementary School",1
"2016","611","Bibb County","1105","Springdale Elementary School",1
"2016","611","Bibb County","1205","Carter Elementary School",3
"2016","611","Bibb County","1307","Southfield Elementary School",1
"2016","611","Bibb County","5050","Appling Middle School",1
"2016","611","Bibb County","ALL","All Schools",29
"2016","613","Brantley County","0194","Brantley County Middle School",1
"2016","613","Brantley County","ALL","All Schools",1
"2016","614","Brooks County","0193","Quitman Elementary School",1
"2016","614","Brooks County","0197","Brooks County Middle School",2
"2016","614","Brooks County","ALL","All Schools",3
"2016","615","Bryan County","0101","Dr. George Washington Carver Elementary School",4
"2016","615","Bryan County","0199","Richmond Hill Middle School",7
"2016","615","Bryan County","0302","Richmond Hill Elementary School",4
"2016","615","Bryan County","0503","McAllister Elementary School",1
"2016","615","Bryan County","ALL","All Schools",16
"2016","616","Bulloch County","0100","Mill Creek Elementary School",4
"2016","616","Bulloch County","0198","William James Middle School",2
"2016","616","Bulloch County","0199","Langston Chapel Elementary School",2
"2016","616","Bulloch County","0299","Langston Chapel Middle School",1
"2016","616","Bulloch County","2050","Julia P. Bryant Elementary School",1
"2016","616","Bulloch County","5054","Sallie Zetterower Elementary School",7
"2016","616","Bulloch County","ALL","All Schools",17
"2016","617","Burke County","0188","Burke County Middle School",1
"2016","617","Burke County","ALL","All Schools",1
"2016","618","Butts County","0111","Jackson Elementary School",1
"2016","618","Butts County","ALL","All Schools",1
"2016","620","Camden County","0100","Mamie Lou Gross Elementary School",1
"2016","620","Camden County","0189","Matilda Harris Elementary School",2
"2016","620","Camden County","ALL","All Schools",3
"2016","622","Carroll County","0100","Sharp Creek Elementary School",1
"2016","622","Carroll County","0198","Bay Springs Middle School",1
"2016","622","Carroll County","ALL","All Schools",2
"2016","623","Catoosa County","0100","Ringgold Primary School",2
"2016","623","Catoosa County","0102","Battlefield Primary",2
"2016","623","Catoosa County","0205","Heritage Middle School",1
"2016","623","Catoosa County","1054","West Side Elementary School",1
"2016","623","Catoosa County","5050","Graysville Elementary School",2
"2016","623","Catoosa County","5052","Ringgold Middle School",1
"2016","623","Catoosa County","ALL","All Schools",9
"2016","625","Chatham County","0191","East Broad Street School",1
"2016","625","Chatham County","0197","Garden City Elementary School",1
"2016","625","Chatham County","0199","West Chatham Middle School",3
"2016","625","Chatham County","0211","Godley Station School",2
"2016","625","Chatham County","0300","Southwest Elementary School",2
"2016","625","Chatham County","0301","Myers Middle School ",1
"2016","625","Chatham County","0311","Coastal Middle School",1
"2016","625","Chatham County","0511","Shuman Elementary School",1
"2016","625","Chatham County","1060","Howard Elementary School",10
"2016","625","Chatham County","2056","Gould Elementary School",3
"2016","625","Chatham County","4058","Hesse School",5
"2016","625","Chatham County","5052","Butler Elementary School",1
"2016","625","Chatham County","5062","Mercer Middle School",5
"2016","625","Chatham County","ALL","All Schools",36
"2016","627","Chattooga County","0106","Leroy Massey Elementary School",1
"2016","627","Chattooga County","ALL","All Schools",1
"2016","628","Cherokee County","0101","Carmel Elementary School",4
"2016","628","Cherokee County","0104","Woodstock Elementary School",6
"2016","628","Cherokee County","0105","William G. Hasty, Sr. Elementary School",9
"2016","628","Cherokee County","0108","Avery Elementary School",1
"2016","628","Cherokee County","0113","Mill Creek Middle School",7
"2016","628","Cherokee County","0116","Indian Knoll Elementary",6
"2016","628","Cherokee County","0181","E. T. Booth Middle School",4
"2016","628","Cherokee County","0182","Johnston Elementary School",2
"2016","628","Cherokee County","0187","Rusk Middle School",7
"2016","628","Cherokee County","0189","Boston Elementary School",2
"2016","628","Cherokee County","0190","Mountain Road Elementary School",1
"2016","628","Cherokee County","0196","Bascomb Elementary School",3
"2016","628","Cherokee County","0199","Holly Springs Elementary School",3
"2016","628","Cherokee County","0203","Liberty Elementary School",2
"2016","628","Cherokee County","0205","Freedom Middle School",2
"2016","628","Cherokee County","0287","Teasley Middle School",10
"2016","628","Cherokee County","0297","Woodstock Middle School",11
"2016","628","Cherokee County","0305","Creekland Middle School",3
"2016","628","Cherokee County","0309","Little River Elem.",9
"2016","628","Cherokee County","0313","Clark Creek Elementary School",1
"2016","628","Cherokee County","0397","Arnold Mill Elementary School",1
"2016","628","Cherokee County","0409","Canton Elementary",14
"2016","628","Cherokee County","0509","J. Knox Elementary",1
"2016","628","Cherokee County","2054","Oak Grove Elementary School",3
"2016","628","Cherokee County","3052","Hickory Flat Elementary School",2
"2016","628","Cherokee County","ALL","All Schools",114
"2016","629","Clarke County","0105","Alps Road Elementary School",4
"2016","629","Clarke County","0112","Judia Jackson Harris Elementary",1
"2016","629","Clarke County","0178","Timothy Elementary School",12
"2016","629","Clarke County","0205","Gaines Elementary School",3
"2016","629","Clarke County","0296","Burney-Harris-Lyons Middle School",3
"2016","629","Clarke County","0391","Whit Davis Road Elementary School",2
"2016","629","Clarke County","1058","Clarke Middle School",7
"2016","629","Clarke County","1062","Whitehead Road Elementary School",3
"2016","629","Clarke County","2062","Winterville Elementary School",1
"2016","629","Clarke County","3056","Barrow Elementary School",17
"2016","629","Clarke County","4060","Oglethorpe Avenue Elementary School",1
"2016","629","Clarke County","5058","Hilsman Middle School",3
"2016","629","Clarke County","ALL","All Schools",57
"2016","631","Clayton County","0105","Thurgood Marshall Elementary School",3
"2016","631","Clayton County","0106","Jonesboro Middle School",5
"2016","631","Clayton County","0107","Sequoyah Middle School",8
"2016","631","Clayton County","0109","Mount Zion Primary",1
"2016","631","Clayton County","0116","Eddie White Academy",3
"2016","631","Clayton County","0117","Morrow Middle School",7
"2016","631","Clayton County","0173","Kilpatrick Elementary School",5
"2016","631","Clayton County","0174","Mundys Mill Middle School",1
"2016","631","Clayton County","0175","Brown Elementary School",3
"2016","631","Clayton County","0176","Mount Zion Elementary School",6
"2016","631","Clayton County","0177","Adamson Middle School",2
"2016","631","Clayton County","0181","Pointe South Elementary School",1
"2016","631","Clayton County","0195","River's Edge Elementary School",2
"2016","631","Clayton County","0197","Kendrick Middle School",3
"2016","631","Clayton County","0199","Hawthorne Elementary School",4
"2016","631","Clayton County","0200","Roberta T. Smith Elementary School",1
"2016","631","Clayton County","0203","Harper Elementary School",1
"2016","631","Clayton County","0204","Martin Luther King, Jr. Elementary School",3
"2016","631","Clayton County","0207","Rex Mill Middle School",3
"2016","631","Clayton County","0277","Pointe South Middle School",1
"2016","631","Clayton County","0295","Lake Ridge Elementary School",1
"2016","631","Clayton County","0304","James Jackson Elementary School",2
"2016","631","Clayton County","0305","Kemp Elem School",3
"2016","631","Clayton County","0307","Unidos Dual Language Charter School",3
"2016","631","Clayton County","1052","East Clayton Elementary School",1
"2016","631","Clayton County","1058","Lee Street Elementary School",1
"2016","631","Clayton County","1062","Tara Elementary School",1
"2016","631","Clayton County","1550","Arnold Elementary School",1
"2016","631","Clayton County","2054","Forest Park Middle School",1
"2016","631","Clayton County","2058","Morrow Elementary School",2
"2016","631","Clayton County","2060","Riverdale Elementary School",8
"2016","631","Clayton County","2062","West Clayton Elementary School",1
"2016","631","Clayton County","2554","Fountain Elementary School",1
"2016","631","Clayton County","3050","Babb Middle School",10
"2016","631","Clayton County","3052","North Clayton Middle School",1
"2016","631","Clayton County","3054","Haynie Elementary School",10
"2016","631","Clayton County","3060","Riverdale Middle School",1
"2016","631","Clayton County","4050","Church Street Elementary School",1
"2016","631","Clayton County","4056","Lake City Elementary School",3
"2016","631","Clayton County","4060","Suder Elementary School",7
"2016","631","Clayton County","5054","Huie Elementary School",2
"2016","631","Clayton County","5056","William M. McGarrah Elementary School",3
"2016","631","Clayton County","ALL","All Schools",127
"2016","632","Clinch County","0101","Clinch County Elementary School",1
"2016","632","Clinch County","ALL","All Schools",1
"2016","633","Cobb County","0102","Riverside Intermediate School",10
"2016","633","Cobb County","0114","East Side Elementary School",14
"2016","633","Cobb County","0117","Clarkdale Elementary School",2
"2016","633","Cobb County","0118","Mableton Elementary School",5
"2016","633","Cobb County","0173","Birney Elementary School",5
"2016","633","Cobb County","0180","Still Elementary School",1
"2016","633","Cobb County","0181","Tritt Elementary School",2
"2016","633","Cobb County","0185","Garrison Mill Elementary School",1
"2016","633","Cobb County","0189","Baker Elementary School",3
"2016","633","Cobb County","0190","Dowell Elementary School",4
"2016","633","Cobb County","0191","Varner Elementary School",2
"2016","633","Cobb County","0194","Hayes Elementary School",5
"2016","633","Cobb County","0202","Lindley Middle School",9
"2016","633","Cobb County","0204","Pitner Elementary School",1
"2016","633","Cobb County","0214","Smyrna Elementary School",6
"2016","633","Cobb County","0275","Dodgen Middle School",4
"2016","633","Cobb County","0278","Mount Bethel Elementary School",4
"2016","633","Cobb County","0280","Pine Mountain Middle School",2
"2016","633","Cobb County","0281","Dickerson Middle School",6
"2016","633","Cobb County","0287","Lewis Elementary School",3
"2016","633","Cobb County","0288","Mountain View Elementary School",1
"2016","633","Cobb County","0290","Campbell Middle School",12
"2016","633","Cobb County","0291","Shallowford Falls Elementary School",1
"2016","633","Cobb County","0294","Smitha Middle School",2
"2016","633","Cobb County","0298","Cheatham Hill Elementary School",4
"2016","633","Cobb County","0302","Acworth Intermediate School",1
"2016","633","Cobb County","0307","Riverside Primary School",2
"2016","633","Cobb County","0309","Lindley 6th Grade Academy",3
"2016","633","Cobb County","0378","Rocky Mount Elementary School",3
"2016","633","Cobb County","0394","Hightower Trail Middle School",2
"2016","633","Cobb County","0397","Green Acres Elementary School",1
"2016","633","Cobb County","0398","Sanders Elementary School",1
"2016","633","Cobb County","0399","Blackwell Elementary School",2
"2016","633","Cobb County","0404","Kennesaw Elementary School",7
"2016","633","Cobb County","0407","Barber Middle School",1
"2016","633","Cobb County","0478","Sope Creek Elementary School",10
"2016","633","Cobb County","0489","Powder Springs Elementary School",2
"2016","633","Cobb County","0491","Timber Ridge Elementary School",3
"2016","633","Cobb County","0502","Cooper Middle School",1
"2016","633","Cobb County","0504","Big Shanty Elementary School",3
"2016","633","Cobb County","0507","McClure Middle School",1
"2016","633","Cobb County","0592","Bryant Elementary School",3
"2016","633","Cobb County","0602","Palmer Middle School",3
"2016","633","Cobb County","0607","Lovinggood Middle School",1
"2016","633","Cobb County","1052","Belmont Hills Elementary School",3
"2016","633","Cobb County","1056","East Cobb Middle School",40
"2016","633","Cobb County","1060","Garrett Middle School",15
"2016","633","Cobb County","1066","Norton Park Elementary School",7
"2016","633","Cobb County","1067","Powers Ferry Elementary School",6
"2016","633","Cobb County","2050","Argyle Elementary School",3
"2016","633","Cobb County","2062","King Springs Elementary School",1
"2016","633","Cobb County","2560","Griffin Middle School",15
"2016","633","Cobb County","3054","Clay Elementary School",5
"2016","633","Cobb County","3058","Fair Oaks Elementary School",10
"2016","633","Cobb County","3060","Harmony-Leland Elementary School",2
"2016","633","Cobb County","3062","LaBelle Elementary School",2
"2016","633","Cobb County","3064","Milford Elementary School",4
"2016","633","Cobb County","3067","Russell Elementary School",2
"2016","633","Cobb County","4050","Awtrey Middle School",3
"2016","633","Cobb County","4068","Teasley Elementary School",15
"2016","633","Cobb County","4560","Hollydale Elementary School",1
"2016","633","Cobb County","5050","Bells Ferry Elementary School",8
"2016","633","Cobb County","5052","Brumby Elementary School",20
"2016","633","Cobb County","5056","Due West Elementary School",4
"2016","633","Cobb County","5067","Sedalia Park Elementary School",9
"2016","633","Cobb County","5068","Eastvalley Elementary School",10
"2016","633","Cobb County","ALL","All Schools",344
"2016","634","Coffee County","0102","Ambrose Elementary School ",1
"2016","634","Coffee County","0108","Coffee Middle School",3
"2016","634","Coffee County","3052","West Green Elementary School",2
"2016","634","Coffee County","5050","Westside Elementary School",1
"2016","634","Coffee County","ALL","All Schools",7
"2016","635","Colquitt County","0111","Willie J. Williams Middle School",4
"2016","635","Colquitt County","2052","Funston Elementary School",2
"2016","635","Colquitt County","3050","Stringfellow Elementary School",1
"2016","635","Colquitt County","3052","CA Gray Junior High School",3
"2016","635","Colquitt County","5054","Sunset Elementary School",1
"2016","635","Colquitt County","ALL","All Schools",11
"2016","636","Columbia County","0103","Grovetown Middle School",5
"2016","636","Columbia County","0106","River Ridge Elementary",4
"2016","636","Columbia County","0186","Evans Elementary School",3
"2016","636","Columbia County","0188","Blue Ridge Elementary School",3
"2016","636","Columbia County","0190","Brookwood Elementary School",2
"2016","636","Columbia County","0192","Stevens Creek Elementary School",2
"2016","636","Columbia County","0193","Riverside Middle School",1
"2016","636","Columbia County","0194","Riverside Elementary School",2
"2016","636","Columbia County","0208","Cedar Ridge Elementary School",7
"2016","636","Columbia County","0290","Lakeside Middle School",2
"2016","636","Columbia County","0297","Greenbrier Elementary School",3
"2016","636","Columbia County","0397","Euchee Creek Elementary School",1
"2016","636","Columbia County","2052","Martinez Elementary School",9
"2016","636","Columbia County","5050","Grovetown Elementary School",1
"2016","636","Columbia County","5052","South Columbia Elementary School",3
"2016","636","Columbia County","ALL","All Schools",48
"2016","638","Coweta County","0101","Arbor Springs Elementary",1
"2016","638","Coweta County","0103","Willis Road Elementary",2
"2016","638","Coweta County","0189","White Oak Elementary School",2
"2016","638","Coweta County","0191","Canongate Elementary School",1
"2016","638","Coweta County","0195","Jefferson Parkway Elementary School",1
"2016","638","Coweta County","0395","Arnall Middle School",10
"2016","638","Coweta County","1054","Ruth Hill Elementary School",1
"2016","638","Coweta County","1056","Evans Middle School",2
"2016","638","Coweta County","2050","Atkinson Elementary School",1
"2016","638","Coweta County","3054","Moreland Elementary School",1
"2016","638","Coweta County","ALL","All Schools",22
"2016","640","Crisp County","0115","Crisp County Primary School",6
"2016","640","Crisp County","2052","Crisp County Elementary School",1
"2016","640","Crisp County","ALL","All Schools",7
"2016","642","Dawson County","0106","Riverview Middle School",1
"2016","642","Dawson County","ALL","All Schools",1
"2016","643","Decatur County","2052","Hutto Middle School",1
"2016","643","Decatur County","ALL","All Schools",1
"2016","644","DeKalb County","0107","Flat Rock Elementary School",2
"2016","644","DeKalb County","0108","Princeton Elementary School",4
"2016","644","DeKalb County","0173","Vanderlyn Elementary School",15
"2016","644","DeKalb County","0175","Austin Elementary School",11
"2016","644","DeKalb County","0188","Panola Way Elementary School",2
"2016","644","DeKalb County","0189","Peachtree Middle School",25
"2016","644","DeKalb County","0190","Pine Ridge Elementary School",3
"2016","644","DeKalb County","0200","Cedar Grove Middle School",2
"2016","644","DeKalb County","0201","Freedom Middle School",55
"2016","644","DeKalb County","0203","Lithonia Middle School",4
"2016","644","DeKalb County","0214","Dunwoody Elementary School",25
"2016","644","DeKalb County","0272","Rockbridge Elementary School",2
"2016","644","DeKalb County","0275","Cedar Grove Elementary School",2
"2016","644","DeKalb County","0290","Sequoyah Middle School",49
"2016","644","DeKalb County","0291","Salem Middle School",2
"2016","644","DeKalb County","0375","Fairington Elementary School",3
"2016","644","DeKalb County","0397","Stephenson Middle School",2
"2016","644","DeKalb County","0401","Mary McLeod Bethune Middle School",1
"2016","644","DeKalb County","0406","Chamblee Middle School",3
"2016","644","DeKalb County","0475","Bob Mathis Elementary School",1
"2016","644","DeKalb County","0506","Stone Mountain Middle School",24
"2016","644","DeKalb County","0575","Stone Mill Elementary School",42
"2016","644","DeKalb County","0597","Miller Grove Middle School",5
"2016","644","DeKalb County","0605","Tucker Middle School",40
"2016","644","DeKalb County","0797","Henderson Middle School",20
"2016","644","DeKalb County","0805","International Community School",12
"2016","644","DeKalb County","0897","Druid Hills Middle School",28
"2016","644","DeKalb County","1010","DeKalb Academy of Technology and the Environment Charter School",1
"2016","644","DeKalb County","1052","Brockett Elementary School",7
"2016","644","DeKalb County","1055","Dresden Elementary School",23
"2016","644","DeKalb County","1056","Evansdale Elementary School",8
"2016","644","DeKalb County","1057","McNair Middle School",1
"2016","644","DeKalb County","1059","Idlewood Elementary School",59
"2016","644","DeKalb County","1061","Livsey Elementary School",2
"2016","644","DeKalb County","1071","Woodward Elementary School",9
"2016","644","DeKalb County","1100","International Student Center",165
"2016","644","DeKalb County","1101","Peachcrest Elementary School",7
"2016","644","DeKalb County","2050","Allgood Elementary School",6
"2016","644","DeKalb County","2056","Fernbank Elementary School",15
"2016","644","DeKalb County","2058","Henderson Mill Elementary School",7
"2016","644","DeKalb County","2059","Indian Creek Elementary School",122
"2016","644","DeKalb County","2061","McLendon Elementary School",46
"2016","644","DeKalb County","2062","Midvale Elementary School",3
"2016","644","DeKalb County","2065","Cary Reynolds Elementary School",31
"2016","644","DeKalb County","2068","Stone Mountain Elementary School",1
"2016","644","DeKalb County","3050","Ashford Park Elementary School",2
"2016","644","DeKalb County","3051","Briarlake Elementary School",2
"2016","644","DeKalb County","3053","Chesnut Elementary School",4
"2016","644","DeKalb County","3055","Dunaire Elementary School",6
"2016","644","DeKalb County","3056","Flat Shoals Elementary School",1
"2016","644","DeKalb County","3057","Hambrick Elementary School",2
"2016","644","DeKalb County","3059","Jolly Elementary School",57
"2016","644","DeKalb County","3063","Oak Grove Elementary School",2
"2016","644","DeKalb County","3064","Pleasantdale Elementary School",8
"2016","644","DeKalb County","3065","Rock Chapel Elementary School",1
"2016","644","DeKalb County","3067","Smoke Rise Elementary School",4
"2016","644","DeKalb County","4051","Briar Vista Elementary School",14
"2016","644","DeKalb County","4058","Hightower Elementary School",10
"2016","644","DeKalb County","4060","Laurel Ridge Elementary School",3
"2016","644","DeKalb County","4062","Montclair Elementary School",22
"2016","644","DeKalb County","4063","Oakcliff Elementary School",1
"2016","644","DeKalb County","4065","Rowland Elementary School",1
"2016","644","DeKalb County","4068","Stoneview Elementary School",1
"2016","644","DeKalb County","5050","Avondale Elementary School",8
"2016","644","DeKalb County","5057","Hawthorne Elementary School",7
"2016","644","DeKalb County","5058","Huntley Hills Elementary School",9
"2016","644","DeKalb County","5059","Kingsley Elementary School",5
"2016","644","DeKalb County","5062","Montgomery Elementary School",2
"2016","644","DeKalb County","5065","Sagamore Hills Elementary School",3
"2016","644","DeKalb County","ALL","All Schools",1072
"2016","646","Dooly County","0104","Dooly County Elementary School",3
"2016","646","Dooly County","ALL","All Schools",3
"2016","647","Dougherty County","0106","Radium Springs Middle School",5
"2016","647","Dougherty County","4054","Lake Park Elementary School",1
"2016","647","Dougherty County","4060","Sherwood Acres Elementary School",5
"2016","647","Dougherty County","5058","Radium Springs Elementary School",1
"2016","647","Dougherty County","ALL","All Schools",12
"2016","648","Douglas County","0108","Factory Shoals Middle School",1
"2016","648","Douglas County","0113","Mason Creek Middle School",3
"2016","648","Douglas County","0178","Arbor Station Elementary School",1
"2016","648","Douglas County","0188","Chestnut Log Middle School",4
"2016","648","Douglas County","0198","Bright Star Elementary School",3
"2016","648","Douglas County","0200","Holly Springs Elementary",1
"2016","648","Douglas County","0203","New Manchester Elementary School",1
"2016","648","Douglas County","0213","Factory Shoals Elementary School",1
"2016","648","Douglas County","0498","Eastside Elementary School",3
"2016","648","Douglas County","1054","Winston Elementary School",1
"2016","648","Douglas County","2050","Beulah Elementary School",4
"2016","648","Douglas County","2054","Turner Middle School",1
"2016","648","Douglas County","3052","Lithia Springs Elementary School",3
"2016","648","Douglas County","3550","Chapel Hill Middle School",2
"2016","648","Douglas County","5052","Annette Winn Elementary School",1
"2016","648","Douglas County","ALL","All Schools",30
"2016","650","Echols County","0112","Echols County Elementary/Middle School",2
"2016","650","Echols County","ALL","All Schools",2
"2016","651","Effingham County","0107","Blandford Elementary School",2
"2016","651","Effingham County","0186","South Effingham Elementary School",4
"2016","651","Effingham County","0196","Sand Hill Elementary School",1
"2016","651","Effingham County","0203","Ebenezer Middle School",1
"2016","651","Effingham County","0297","South Effingham Middle School",2
"2016","651","Effingham County","ALL","All Schools",10
"2016","654","Evans County","0196","Claxton Elementary School",1
"2016","654","Evans County","3050","Claxton Middle School",1
"2016","654","Evans County","ALL","All Schools",2
"2016","656","Fayette County","0104","Crabapple Lane Elementary School",1
"2016","656","Fayette County","0108","Bennett's Mill Middle School",5
"2016","656","Fayette County","0178","Booth Middle School",12
"2016","656","Fayette County","0180","Huddleston Elementary School",5
"2016","656","Fayette County","0181","North Fayette Elementary School",3
"2016","656","Fayette County","0186","Oak Grove Elementary School",11
"2016","656","Fayette County","0191","Braelinn Elementary School",1
"2016","656","Fayette County","0196","Kedron Elementary School",7
"2016","656","Fayette County","0199","Peeples Elementary School",1
"2016","656","Fayette County","0291","Robert J. Burch Elementary School",4
"2016","656","Fayette County","0296","Spring Hill Elementary School",4
"2016","656","Fayette County","0298","Rising Starr Middle School",6
"2016","656","Fayette County","0402","Fayetteville Elementary School",1
"2016","656","Fayette County","0491","Flat Rock Middle School",2
"2016","656","Fayette County","1052","Peachtree City Elementary School",5
"2016","656","Fayette County","ALL","All Schools",68
"2016","657","Floyd County","0273","Pepperell Middle School",1
"2016","657","Floyd County","1050","Alto Park Elementary School",2
"2016","657","Floyd County","ALL","All Schools",3
"2016","658","Forsyth County","0100","Settles Bridge Elementary School",2
"2016","658","Forsyth County","0103","Cumming Elementary School",6
"2016","658","Forsyth County","0104","Sharon Elementary School",1
"2016","658","Forsyth County","0105","Riverwatch Middle School",2
"2016","658","Forsyth County","0106","Shiloh Point Elementary",5
"2016","658","Forsyth County","0108","Johns Creek Elementary",4
"2016","658","Forsyth County","0176","Mashburn Elementary School",2
"2016","658","Forsyth County","0194","Chattahoochee Elementary School",2
"2016","658","Forsyth County","0197","Daves Creek Elementary School",1
"2016","658","Forsyth County","0198","Vickery Creek Elementary School",3
"2016","658","Forsyth County","0199","Vickery Creek Middle School",1
"2016","658","Forsyth County","0202","Otwell Middle School",4
"2016","658","Forsyth County","0204","Chestatee Elementary",1
"2016","658","Forsyth County","0211","Brookwood Elementary",5
"2016","658","Forsyth County","0213","George W. Whitlow Elementary",8
"2016","658","Forsyth County","0215","Haw Creek Elementary",5
"2016","658","Forsyth County","0216","Lakeside Middle School",3
"2016","658","Forsyth County","0303","Liberty Middle School",3
"2016","658","Forsyth County","0313","Kelly Mill Elementary",2
"2016","658","Forsyth County","0407","Piney Grove Middle School",10
"2016","658","Forsyth County","0498","North Forsyth Middle School",1
"2016","658","Forsyth County","0598","South Forsyth Middle School",1
"2016","658","Forsyth County","1050","Big Creek Elementary School",6
"2016","658","Forsyth County","1052","Midway Elementary School",2
"2016","658","Forsyth County","ALL","All Schools",80
"2016","659","Franklin County","5050","Lavonia Elementary School",1
"2016","659","Franklin County","ALL","All Schools",1
"2016","660","Fulton County","0101","Abbotts Hill Elementary School",15
"2016","660","Fulton County","0102","Creek View Elementary School",30
"2016","660","Fulton County","0103","Hembree Springs Elementary School",7
"2016","660","Fulton County","0104","Spalding Drive Elementary",3
"2016","660","Fulton County","0105","Hopewell Middle School",9
"2016","660","Fulton County","0107","Renaissance Middle School ",4
"2016","660","Fulton County","0116","Main Street Charter Academy",1
"2016","660","Fulton County","0175","Jackson Elementary School",3
"2016","660","Fulton County","0180","Dolvin Elementary School",10
"2016","660","Fulton County","0184","Crabapple Middle School",1
"2016","660","Fulton County","0187","Barnwell Elementary School",6
"2016","660","Fulton County","0190","Lake Windward Elementary School",16
"2016","660","Fulton County","0192","Hapeville Elementary School",10
"2016","660","Fulton County","0193","Crabapple Crossing Elementary School",6
"2016","660","Fulton County","0195","New Prospect Elementary School",8
"2016","660","Fulton County","0197","Northwood Elementary School",7
"2016","660","Fulton County","0202","Hillside Elementary School",5
"2016","660","Fulton County","0206","Oakley Elementary School",5
"2016","660","Fulton County","0207","Dunwoody Springs Elementary School",6
"2016","660","Fulton County","0276","Gullatt Elementary School",1
"2016","660","Fulton County","0284","Holcomb Bridge Middle School",16
"2016","660","Fulton County","0286","Ridgeview Charter School",12
"2016","660","Fulton County","0289","Woodland Middle School",9
"2016","660","Fulton County","0292","Palmetto Elementary School",2
"2016","660","Fulton County","0295","Findley Oaks Elementary School",9
"2016","660","Fulton County","0297","State Bridge Crossing Elementary School",5
"2016","660","Fulton County","0299","Manning Oaks Elementary School ",23
"2016","660","Fulton County","0301","Heritage Elementary School",2
"2016","660","Fulton County","0302","Elkins Pointe Middle School",14
"2016","660","Fulton County","0303","Cogburn Woods Elementary School ",8
"2016","660","Fulton County","0305","Autrey Mill Middle School",14
"2016","660","Fulton County","0373","Mountain Park Elementary School",2
"2016","660","Fulton County","0391","Bear Creek Middle School",2
"2016","660","Fulton County","0397","River Eves Elementary School",7
"2016","660","Fulton County","0398","Shakerag Elementary School",12
"2016","660","Fulton County","0402","River Trail Middle School",19
"2016","660","Fulton County","0405","Wilson Creek Elementary School ",23
"2016","660","Fulton County","0406","Amana Academy School",2
"2016","660","Fulton County","0491","Medlock Bridge Elementary School",19
"2016","660","Fulton County","0497","Webb Bridge Middle School",22
"2016","660","Fulton County","0501","Hamilton E. Holmes Elementary",5
"2016","660","Fulton County","0591","Taylor Road Middle School",23
"2016","660","Fulton County","0597","Northwestern Middle School",6
"2016","660","Fulton County","0603","Sandy Springs Middle School",12
"2016","660","Fulton County","0701","Ocee Elementary School",12
"2016","660","Fulton County","0702","Woodland Elementary School",18
"2016","660","Fulton County","0803","Paul D. West Middle School",5
"2016","660","Fulton County","0909","Lake Forest Elementary",9
"2016","660","Fulton County","1050","Alpharetta Elementary School",6
"2016","660","Fulton County","1067","Roswell North Elementary School",4
"2016","660","Fulton County","1310","Ison Springs Elementary School",10
"2016","660","Fulton County","1315","College Park Elementary",2
"2016","660","Fulton County","2058","Bethune Elementary School",1
"2016","660","Fulton County","2070","Campbell Elementary School",2
"2016","660","Fulton County","4056","High Point Elementary School",5
"2016","660","Fulton County","4060","Mimosa Elementary School",17
"2016","660","Fulton County","4069","E. C. West Elementary School",3
"2016","660","Fulton County","5052","Conley Hills Elementary School",2
"2016","660","Fulton County","ALL","All Schools",517
"2016","661","Gilmer County","0107","Clear Creek Middle School",4
"2016","661","Gilmer County","0112","Gilmer Middle school",1
"2016","661","Gilmer County","0113","Ellijay Primary School",2
"2016","661","Gilmer County","0212","Ellijay Elementary School",3
"2016","661","Gilmer County","ALL","All Schools",10
"2016","663","Glynn County","0112","Glynn Middle",3
"2016","663","Glynn County","0114","Jane Macon Middle",4
"2016","663","Glynn County","0116","Risley Middle School",1
"2016","663","Glynn County","0178","Glyndale Elementary School",2
"2016","663","Glynn County","0190","Golden Isles Elementary School",1
"2016","663","Glynn County","0195","Oglethorpe Point Elementary School",1
"2016","663","Glynn County","0199","Needwood Middle School",1
"2016","663","Glynn County","1052","Altama Elementary School",1
"2016","663","Glynn County","1056","St. Simons Elementary School",4
"2016","663","Glynn County","5052","Goodyear Elementary School",1
"2016","663","Glynn County","ALL","All Schools",19
"2016","664","Gordon County","0110","Sonoraville Elementary",1
"2016","664","Gordon County","0176","Tolbert Elementary School",1
"2016","664","Gordon County","0190","Red Bud Elementary School",1
"2016","664","Gordon County","ALL","All Schools",3
"2016","665","Grady County","0174","Washington Middle School",1
"2016","665","Grady County","1054","Whigham Elementary School",2
"2016","665","Grady County","1550","Northside Elementary School",2
"2016","665","Grady County","2050","Southside Elementary School",1
"2016","665","Grady County","ALL","All Schools",6
"2016","666","Greene County","0101","Anita White Carson Middle School",1
"2016","666","Greene County","0109","LAKE OCONEE CHARTER",1
"2016","666","Greene County","0301","Greensboro Elementary",1
"2016","666","Greene County","ALL","All Schools",3
"2016","667","Gwinnett County","0100","Rock Springs Elementary School",5
"2016","667","Gwinnett County","0108","Trickum Middle School ",7
"2016","667","Gwinnett County","0109","Benefield Elementary School",10
"2016","667","Gwinnett County","0173","Centerville Elementary School",2
"2016","667","Gwinnett County","0180","Head Elementary School",1
"2016","667","Gwinnett County","0184","Berkeley Lake Elementary School",6
"2016","667","Gwinnett County","0186","Pinckneyville Middle School",11
"2016","667","Gwinnett County","0188","Richards Middle School",27
"2016","667","Gwinnett County","0190","Chattahoochee Elementary School",17
"2016","667","Gwinnett County","0191","Dacula Elementary School",1
"2016","667","Gwinnett County","0193","Walnut Grove Elementary School",3
"2016","667","Gwinnett County","0194","Craig Elementary School",4
"2016","667","Gwinnett County","0197","Creekland Middle School",15
"2016","667","Gwinnett County","0198","Alton C. Crews Middle School",2
"2016","667","Gwinnett County","0199","Meadowcreek Elementary School",8
"2016","667","Gwinnett County","0200","Freeman's Mill Elementary School",3
"2016","667","Gwinnett County","0204","Frank N. Osborne Middle School",2
"2016","667","Gwinnett County","0205","Corley Elementary School",15
"2016","667","Gwinnett County","0208","Mulberry Elementary School",1
"2016","667","Gwinnett County","0209","Lanier Middle School",6
"2016","667","Gwinnett County","0210","Lovin Elementary School",3
"2016","667","Gwinnett County","0275","Knight Elementary School",2
"2016","667","Gwinnett County","0276","Sweetwater Middle School",22
"2016","667","Gwinnett County","0279","Five Forks Middle School",6
"2016","667","Gwinnett County","0280","Beaver Ridge Elementary School",13
"2016","667","Gwinnett County","0282","Annistown Elementary School",7
"2016","667","Gwinnett County","0283","Shiloh Middle School",10
"2016","667","Gwinnett County","0285","Hopkins Elementary School",8
"2016","667","Gwinnett County","0286","Brookwood Elementary School",6
"2016","667","Gwinnett County","0288","Minor Elementary School",15
"2016","667","Gwinnett County","0289","McKendree Elementary School",12
"2016","667","Gwinnett County","0294","Nesbit Elementary School",19
"2016","667","Gwinnett County","0295","Fort Daniel Elementary School",2
"2016","667","Gwinnett County","0296","Sugar Hill Elementary School",7
"2016","667","Gwinnett County","0297","Hull Middle School",10
"2016","667","Gwinnett County","0298","M. H. Mason Elementary School",15
"2016","667","Gwinnett County","0300","Susan Stripling Elementary School",13
"2016","667","Gwinnett County","0304","Berkmar Middle School",10
"2016","667","Gwinnett County","0305","Ivy Creek Elementary School",2
"2016","667","Gwinnett County","0309","Rosebud Elementary School",3
"2016","667","Gwinnett County","0376","Gwin Oaks Elementary School",2
"2016","667","Gwinnett County","0380","Dacula Middle School",4
"2016","667","Gwinnett County","0382","Arcado Elementary School",2
"2016","667","Gwinnett County","0389","Cedar Hill Elementary School",2
"2016","667","Gwinnett County","0391","Pharr Elementary School",3
"2016","667","Gwinnett County","0394","Simonton Elementary School",1
"2016","667","Gwinnett County","0395","Jackson Elementary School",8
"2016","667","Gwinnett County","0398","Partee Elementary School",1
"2016","667","Gwinnett County","0400","Riverside Elementary School",5
"2016","667","Gwinnett County","0405","Glenn C. Jones Middle School",9
"2016","667","Gwinnett County","0409","Puckett's Mill Elementary School",1
"2016","667","Gwinnett County","0495","Kanoheda Elementary School",12
"2016","667","Gwinnett County","0497","McConnell Middle School",5
"2016","667","Gwinnett County","0498","Taylor Elementary School",3
"2016","667","Gwinnett County","0505","Sycamore Elementary School",2
"2016","667","Gwinnett County","0509","Trip Elementary School",1
"2016","667","Gwinnett County","0608","Patrick Elementary School",6
"2016","667","Gwinnett County","0705","Parsons Elementary School",12
"2016","667","Gwinnett County","0905","Duluth Middle School ",35
"2016","667","Gwinnett County","1005","Alcova Elementary School",6
"2016","667","Gwinnett County","1010","Bay Creek Middle School",1
"2016","667","Gwinnett County","1012","Grace Snell Middle School",10
"2016","667","Gwinnett County","1013","Ferguson Elementary School",14
"2016","667","Gwinnett County","1014","Roberts Elementary School",3
"2016","667","Gwinnett County","1015","Jenkins Elementary School",8
"2016","667","Gwinnett County","1016","Anderson-Livsey Elementary School",1
"2016","667","Gwinnett County","1017","Burnette Elementary School",5
"2016","667","Gwinnett County","1052","Dyer Elementary School",1
"2016","667","Gwinnett County","1056","Lilburn Middle School",37
"2016","667","Gwinnett County","1058","Rockbridge Elementary School",24
"2016","667","Gwinnett County","1105","J. A. Alford Elementary",5
"2016","667","Gwinnett County","1110","Starling Elementary School",5
"2016","667","Gwinnett County","1112","Moore Middle School",8
"2016","667","Gwinnett County","1115","Northbrook Middle School",10
"2016","667","Gwinnett County","1210","Couch Middle School",1
"2016","667","Gwinnett County","1305","Margaret Winn Holt Elementary School",10
"2016","667","Gwinnett County","1405","Level Creek Elementary School",2
"2016","667","Gwinnett County","1505","Louise Radloff Middle School",23
"2016","667","Gwinnett County","1510","North Gwinnett Middle School",15
"2016","667","Gwinnett County","1605","Charles Brant Chesney Elementary School",19
"2016","667","Gwinnett County","1610","Twin Rivers Middle School",10
"2016","667","Gwinnett County","1810","Woodward Mill Elementary School",2
"2016","667","Gwinnett County","1811","Baggett Elementary School",10
"2016","667","Gwinnett County","1812","Graves Elementary School",32
"2016","667","Gwinnett County","1813","Jordan Middle School",4
"2016","667","Gwinnett County","2050","Bethesda Elementary School",10
"2016","667","Gwinnett County","2052","Grayson Elementary School",2
"2016","667","Gwinnett County","2054","Harmony Elementary School",1
"2016","667","Gwinnett County","2056","Mountain Park Elementary School",2
"2016","667","Gwinnett County","2058","Snellville Middle School",2
"2016","667","Gwinnett County","3050","Britt Elementary School",1
"2016","667","Gwinnett County","3054","Harris Elementary School",8
"2016","667","Gwinnett County","3550","Camp Creek Elementary School",3
"2016","667","Gwinnett County","4056","Norcross Elementary School",13
"2016","667","Gwinnett County","4058","Summerour Middle School",16
"2016","667","Gwinnett County","5054","Lawrenceville Elementary School",3
"2016","667","Gwinnett County","5056","Peachtree Elementary School",20
"2016","667","Gwinnett County","5058","Suwanee Elementary School",4
"2016","667","Gwinnett County","5554","Lilburn Elementary School",14
"2016","667","Gwinnett County","ALL","All Schools",810
"2016","668","Habersham County","0101","Cornelia Elementary School",5
"2016","668","Habersham County","0105","Level Grove Elementary School",3
"2016","668","Habersham County","0112","Wilbanks Middle School",4
"2016","668","Habersham County","0296","South Habersham Middle School",4
"2016","668","Habersham County","1050","Baldwin Elementary School",3
"2016","668","Habersham County","ALL","All Schools",19
"2016","669","Hall County","0100","C. W. Davis Middle School",1
"2016","669","Hall County","0101","Martin Elementary School",2
"2016","669","Hall County","0103","Sugar Hill Elementary",5
"2016","669","Hall County","0106","Chicopee Elementary School",6
"2016","669","Hall County","0112","World Language Academy",3
"2016","669","Hall County","0176","Myers Elementary School",3
"2016","669","Hall County","0196","Friendship Elementary School",2
"2016","669","Hall County","0200","Chestatee Middle School",2
"2016","669","Hall County","0289","East Hall Middle School",4
"2016","669","Hall County","0294","West Hall Middle School",5
"2016","669","Hall County","0389","North Hall Middle School",1
"2016","669","Hall County","2052","Flowery Branch Elementary School",3
"2016","669","Hall County","2056","Oakwood Elementary School",2
"2016","669","Hall County","3054","Lanier Elementary School",4
"2016","669","Hall County","3056","Riverbend Elementary School",1
"2016","669","Hall County","4050","Chestnut Mountain Elementary School",1
"2016","669","Hall County","4054","Lula Elementary School",1
"2016","669","Hall County","4556","South Hall Middle School",6
"2016","669","Hall County","5052","Lyman Hall Elementary School",11
"2016","669","Hall County","5056","Tadmore Elementary School",2
"2016","669","Hall County","ALL","All Schools",65
"2016","673","Hart County","0102","North Hart Elementary School",1
"2016","673","Hart County","ALL","All Schools",1
"2016","675","Henry County","0100","Ola Elementary School",2
"2016","675","Henry County","0106","Luella Elementary School",1
"2016","675","Henry County","0196","Pate's Creek Elementary School",4
"2016","675","Henry County","0200","Mount Carmel Elementary School",1
"2016","675","Henry County","0206","Dutchtown Middle School",4
"2016","675","Henry County","0208","Walnut Creek Elementary",1
"2016","675","Henry County","0215","Hampton Middle School",1
"2016","675","Henry County","0291","Oakland Elementary School",1
"2016","675","Henry County","0294","Austin Road Elementary School",1
"2016","675","Henry County","0303","Unity Grove Elementary School",1
"2016","675","Henry County","0394","Eagle's Landing Middle School",1
"2016","675","Henry County","0397","Austin Road Middle School",2
"2016","675","Henry County","0403","Red Oak Elementary School",1
"2016","675","Henry County","0503","Flippen Elementary School",1
"2016","675","Henry County","0603","Luella Middle School",3
"2016","675","Henry County","0703","Union Grove Middle",1
"2016","675","Henry County","2552","Smith-Barnes Elementary School",1
"2016","675","Henry County","3052","Stockbridge Elementary School",2
"2016","675","Henry County","4050","Henry County Middle School",2
"2016","675","Henry County","ALL","All Schools",31
"2016","676","Houston County","0100","Eagle Springs Elementary",2
"2016","676","Houston County","0102","C. B. Watson Primary School",3
"2016","676","Houston County","0103","Lake Joy Primary School",2
"2016","676","Houston County","0104","David A. Perdue Primary ",1
"2016","676","Houston County","0105","Huntington Middle School",11
"2016","676","Houston County","0108","Mossy Creek Middle School",1
"2016","676","Houston County","0175","Pearl Stephens Elementary School",4
"2016","676","Houston County","0194","Perdue Elementary School",2
"2016","676","Houston County","0195","Quail Run Elementary School",3
"2016","676","Houston County","0208","Lake Joy Elementary School",4
"2016","676","Houston County","0296","Bonaire Middle School",2
"2016","676","Houston County","1052","Northside Middle School",3
"2016","676","Houston County","2058","Westside Elementary School",2
"2016","676","Houston County","3550","Kings Chapel Elementary School",4
"2016","676","Houston County","4050","Lindsey Elementary School",2
"2016","676","Houston County","5050","Miller Elementary School",1
"2016","676","Houston County","5056","Warner Robins Middle School",5
"2016","676","Houston County","ALL","All Schools",52
"2016","678","Jackson County","0101","West Jackson Elementary School",2
"2016","678","Jackson County","0197","East Jackson Middle School",2
"2016","678","Jackson County","2550","Maysville Elementary School",1
"2016","678","Jackson County","ALL","All Schools",5
"2016","686","Lanier County","0101","Lanier County Middle School",1
"2016","686","Lanier County","0111","Lanier County Elementary School",1
"2016","686","Lanier County","ALL","All Schools",2
"2016","687","Laurens County","0297","East Laurens Middle School",1
"2016","687","Laurens County","ALL","All Schools",1
"2016","688","Lee County","0114","Lee County Middle School East",2
"2016","688","Lee County","0187","Lee County Primary School",3
"2016","688","Lee County","ALL","All Schools",5
"2016","689","Liberty County","0189","Joseph Martin Elementary School",4
"2016","689","Liberty County","0194","Taylors Creek Elementary School",4
"2016","689","Liberty County","0197","Lewis Frasier Middle School",3
"2016","689","Liberty County","ALL","All Schools",11
"2016","691","Long County","0114","Long County Middle School",1
"2016","691","Long County","0214","Walker Elementary School",2
"2016","691","Long County","ALL","All Schools",3
"2016","692","Lowndes County","0112","Pine Grove Middle School",2
"2016","692","Lowndes County","0195","Hahira Elementary School",2
"2016","692","Lowndes County","0211","Pine Grove Elemetary School",2
"2016","692","Lowndes County","1050","Clyattville Elementary School",3
"2016","692","Lowndes County","1052","Lowndes Middle School",7
"2016","692","Lowndes County","3050","Hahira Middle School",3
"2016","692","Lowndes County","ALL","All Schools",19
"2016","693","Lumpkin County","1050","Lumpkin County Middle School",1
"2016","693","Lumpkin County","ALL","All Schools",1
"2016","695","Madison County","0101","Hull-Sanford Elementary School",1
"2016","695","Madison County","2050","Comer Elementary School",2
"2016","695","Madison County","ALL","All Schools",3
"2016","696","Marion County","0197","L. K. Moss Elementary School",3
"2016","696","Marion County","ALL","All Schools",3
"2016","704","Morgan County","3050","Morgan County Primary School",1
"2016","704","Morgan County","5050","Morgan County Middle School",1
"2016","704","Morgan County","ALL","All Schools",2
"2016","705","Murray County","0198","Eton Elementary School",4
"2016","705","Murray County","1050","Chatsworth Elementary School",2
"2016","705","Murray County","1052","Spring Place Elementary School",3
"2016","705","Murray County","4050","Gladden Middle School",1
"2016","705","Murray County","ALL","All Schools",10
"2016","706","Muscogee County","0104","North Columbus Elementary",14
"2016","706","Muscogee County","0108","Eagle Ridge Academy",4
"2016","706","Muscogee County","0178","Fort Middle School",1
"2016","706","Muscogee County","0192","Brewer Elementary School",1
"2016","706","Muscogee County","0196","Blackmon Road Middle School",12
"2016","706","Muscogee County","0200","Martin Luther King, Jr. Elementary School",3
"2016","706","Muscogee County","0300","Baker Middle School",2
"2016","706","Muscogee County","0501","Midland Academy",2
"2016","706","Muscogee County","1066","Reese Road Leadership Academy",4
"2016","706","Muscogee County","2050","Arnold Middle School",2
"2016","706","Muscogee County","2052","Blanchard Elementary School",2
"2016","706","Muscogee County","2064","Key Elementary School",2
"2016","706","Muscogee County","4065","Allen Elementary School",1
"2016","706","Muscogee County","4066","River Road Elementary School",6
"2016","706","Muscogee County","4067","South Columbus Elementary School",3
"2016","706","Muscogee County","ALL","All Schools",59
"2016","707","Newton County","0114","Liberty Middle School",1
"2016","707","Newton County","0115","Live Oak Elementary",1
"2016","707","Newton County","0117","Clements Middle School",2
"2016","707","Newton County","0122","Flint Hill Elementary",1
"2016","707","Newton County","0124","Fairview Elementary",1
"2016","707","Newton County","0196","Cousins Middle School",1
"2016","707","Newton County","0198","Middle Ridge Elementary School",1
"2016","707","Newton County","0298","West Newton Elementary School",1
"2016","707","Newton County","4050","Mansfield Elementary School",1
"2016","707","Newton County","ALL","All Schools",10
"2016","708","Oconee County","0103","Rocky Branch Elementary School",3
"2016","708","Oconee County","0188","Oconee County Primary School",3
"2016","708","Oconee County","0193","Oconee County Middle School",2
"2016","708","Oconee County","0197","Malcom Bridge Elementary School",6
"2016","708","Oconee County","0198","Malcom Bridge Middle School",6
"2016","708","Oconee County","1050","Oconee County Elementary School",5
"2016","708","Oconee County","ALL","All Schools",25
"2016","710","Paulding County","0108","Sammy McClure Sr. Middle School",1
"2016","710","Paulding County","0188","McGarity Elementary School",2
"2016","710","Paulding County","0192","South Paulding Middle School",2
"2016","710","Paulding County","0201","Lena Mae Moses Middle School",1
"2016","710","Paulding County","1050","Dallas Elementary School",1
"2016","710","Paulding County","ALL","All Schools",7
"2016","711","Peach County","0191","Fort Valley Middle School",2
"2016","711","Peach County","1050","Byron Elementary School",1
"2016","711","Peach County","ALL","All Schools",3
"2016","712","Pickens County","0106","Harmony Elementary School",1
"2016","712","Pickens County","ALL","All Schools",1
"2016","713","Pierce County","0297","Blackshear Elementary School",1
"2016","713","Pierce County","ALL","All Schools",1
"2016","714","Pike County","0195","Pike County Middle School",1
"2016","714","Pike County","ALL","All Schools",1
"2016","715","Polk County","0103","Cedartown Middle School",9
"2016","715","Polk County","0174","Westside Elementary School",1
"2016","715","Polk County","0183","Cherokee Elementary School",3
"2016","715","Polk County","0188","Northside Elementary",1
"2016","715","Polk County","ALL","All Schools",14
"2016","717","Putnam County","0111","Putnam County Middle School",1
"2016","717","Putnam County","0112","Putnam County Primary School",3
"2016","717","Putnam County","0113","Putnam County Elementary School",1
"2016","717","Putnam County","ALL","All Schools",5
"2016","719","Rabun County","0100","Rabun County Middle School",1
"2016","719","Rabun County","0105","Rabun County Elementary School",1
"2016","719","Rabun County","ALL","All Schools",2
"2016","721","Richmond County","0201","Sue Reynolds Elementary School ",2
"2016","721","Richmond County","0205","Diamond Lakes Elementary School",4
"2016","721","Richmond County","1054","Garrett Elementary School",1
"2016","721","Richmond County","1058","Langford Middle School",1
"2016","721","Richmond County","2052","Copeland Elementary School",1
"2016","721","Richmond County","2064","Warren Road Elementary School",4
"2016","721","Richmond County","3050","Bayvale Elementary School",1
"2016","721","Richmond County","5564","Tutt Middle School",1
"2016","721","Richmond County","ALL","All Schools",15
"2016","722","Rockdale County","0189","Sims Elementary School",4
"2016","722","Rockdale County","0278","Conyers Middle School",2
"2016","722","Rockdale County","0289","Hightower Trail Elementary School",1
"2016","722","Rockdale County","0378","Edwards Middle School",4
"2016","722","Rockdale County","2050","Flat Shoals Elementary School",1
"2016","722","Rockdale County","5050","House Elementary School",2
"2016","722","Rockdale County","ALL","All Schools",14
"2016","726","Spalding County","0106","Carver Road Middle School",2
"2016","726","Spalding County","0110","Rehoboth Road Middle School",1
"2016","726","Spalding County","0199","Futral Road Elementary School",1
"2016","726","Spalding County","0201","Cowan Road Middle School",1
"2016","726","Spalding County","1050","Anne Street Elementary School",1
"2016","726","Spalding County","4052","Orrs Elementary School",2
"2016","726","Spalding County","ALL","All Schools",8
"2016","729","Sumter County","0100","Sumter County Primary School",1
"2016","729","Sumter County","0188","Sumter County Elementary School",2
"2016","729","Sumter County","0190","Sumter County Middle School",2
"2016","729","Sumter County","0396","Furlow Charter School",1
"2016","729","Sumter County","ALL","All Schools",6
"2016","731","Taliaferro County","0102","Taliaferro County School",1
"2016","731","Taliaferro County","ALL","All Schools",1
"2016","732","Tattnall County","0501","Glennville Elementary School",1
"2016","732","Tattnall County","ALL","All Schools",1
"2016","736","Thomas County","0205","Thomas County Middle School",1
"2016","736","Thomas County","5050","Garrison-Pilcher Elementary School",1
"2016","736","Thomas County","ALL","All Schools",2
"2016","737","Tift County","0104","Annie Belle Clark Primary School",1
"2016","737","Tift County","0299","Eighth Street Middle School",1
"2016","737","Tift County","1052","J. T. Reddick School",2
"2016","737","Tift County","2050","Len Lastinger Primary School",1
"2016","737","Tift County","5050","Charles Spencer Elementary School",5
"2016","737","Tift County","ALL","All Schools",10
"2016","739","Towns County","0103","Towns County Elementary School",3
"2016","739","Towns County","ALL","All Schools",3
"2016","741","Troup County","0109","Callaway Elementary School",5
"2016","741","Troup County","0191","Gardner-Newman Middle School",8
"2016","741","Troup County","0194","Hollis Hand Elementary School",5
"2016","741","Troup County","0204","Callaway Middle School",1
"2016","741","Troup County","0205","Franklin Forest Elementary",7
"2016","741","Troup County","0297","Long Cane Middle School",2
"2016","741","Troup County","0497","Whitesville Road Elementary School",1
"2016","741","Troup County","0597","Ethel W. Kight Elementary School",2
"2016","741","Troup County","3050","Hillcrest Elementary School",1
"2016","741","Troup County","ALL","All Schools",32
"2016","744","Union County","1050","Union County Primary School",1
"2016","744","Union County","ALL","All Schools",1
"2016","745","Thomaston-Upson County","0105","Upson-Lee South Elementary",2
"2016","745","Thomaston-Upson County","ALL","All Schools",2
"2016","746","Walker County","0180","LaFayette Middle School",2
"2016","746","Walker County","0206","Rossville Middle School",3
"2016","746","Walker County","ALL","All Schools",5
"2016","747","Walton County","0102","Youth Middle School",1
"2016","747","Walton County","0291","Loganville Middle School",3
"2016","747","Walton County","ALL","All Schools",4
"2016","748","Ware County","0196","Williams Heights Elementary School",2
"2016","748","Ware County","0295","Waycross Middle School",1
"2016","748","Ware County","0395","Ware County Middle School",2
"2016","748","Ware County","ALL","All Schools",5
"2016","751","Wayne County","0194","Martha Puckett Middle School",1
"2016","751","Wayne County","0394","Martha Rawls Smith Elementary School",1
"2016","751","Wayne County","ALL","All Schools",2
"2016","753","Wheeler County","1052","Wheeler County Elementary School",1
"2016","753","Wheeler County","ALL","All Schools",1
"2016","755","Whitfield County","0106","New Hope Middle School",1
"2016","755","Whitfield County","0199","New Hope Elementary School",2
"2016","755","Whitfield County","0475","Eastbrook Middle School",5
"2016","755","Whitfield County","1050","Antioch Elementary School",1
"2016","755","Whitfield County","1052","Eastside Elementary School",1
"2016","755","Whitfield County","2052","Pleasant Grove Elementary School",1
"2016","755","Whitfield County","3050","Dawnville Elementary School",2
"2016","755","Whitfield County","4050","Dug Gap Elementary School",4
"2016","755","Whitfield County","ALL","All Schools",17
"2016","759","Worth County","0111","Worth County Elementary School",2
"2016","759","Worth County","ALL","All Schools",2
"2016","761","Atlanta Public Schools","0100","Brown Middle School",1
"2016","761","Atlanta Public Schools","0116","Springdale Park Elementary School",3
"2016","761","Atlanta Public Schools","0173","Long Middle School",2
"2016","761","Atlanta Public Schools","0196","Cascade Elementary School",1
"2016","761","Atlanta Public Schools","0199","Centennial Academy",4
"2016","761","Atlanta Public Schools","0206","Atlanta Neighborhood Charter - Middle",1
"2016","761","Atlanta Public Schools","0282","Young Middle School",3
"2016","761","Atlanta Public Schools","0303","Bolton Academy",5
"2016","761","Atlanta Public Schools","0504","Harper-Archer Middle School",2
"2016","761","Atlanta Public Schools","1052","Bethune Elementary School",1
"2016","761","Atlanta Public Schools","1064","Kimberly Elementary School",1
"2016","761","Atlanta Public Schools","1066","Rivers Elementary School",16
"2016","761","Atlanta Public Schools","1068","Towns Elementary School",1
"2016","761","Atlanta Public Schools","1560","Garden Hills Elementary School",4
"2016","761","Atlanta Public Schools","1563","Inman Middle School",3
"2016","761","Atlanta Public Schools","1567","Smith Elementary School",11
"2016","761","Atlanta Public Schools","1664","Morningside Elementary School",13
"2016","761","Atlanta Public Schools","2053","Brandon Elementary School",7
"2016","761","Atlanta Public Schools","2563","Jackson Elementary School",11
"2016","761","Atlanta Public Schools","2564","Lin Elementary School",2
"2016","761","Atlanta Public Schools","2569","West Manor Elementary School",1
"2016","761","Atlanta Public Schools","3057","Continental Colony Elementary School",2
"2016","761","Atlanta Public Schools","3059","Fain Elementary School",2
"2016","761","Atlanta Public Schools","3067","Sutton Middle School",9
"2016","761","Atlanta Public Schools","3566","Scott Elementary School",1
"2016","761","Atlanta Public Schools","5051","Benteen Elementary School",1
"2016","761","Atlanta Public Schools","5567","Toomer Elementary School",1
"2016","761","Atlanta Public Schools","ALL","All Schools",109
"2016","763","Bremen City","0110","Bremen 4th & 5th Grade Academy",1
"2016","763","Bremen City","0209","Bremen Middle School",1
"2016","763","Bremen City","ALL","All Schools",2
"2016","764","Buford City","0100","Buford Academy",12
"2016","764","Buford City","0104","Buford Middle School",11
"2016","764","Buford City","0196","Buford Elementary School",4
"2016","764","Buford City","ALL","All Schools",27
"2016","765","Calhoun City","0205","Calhoun Middle School",3
"2016","765","Calhoun City","0305","Calhoun Primary School",3
"2016","765","Calhoun City","0405","Calhoun Elementary School",3
"2016","765","Calhoun City","ALL","All Schools",9
"2016","766","Carrollton City","0106","Carrollton Middle-Upper Elementary School",5
"2016","766","Carrollton City","0193","Carrollton Elementary School",4
"2016","766","Carrollton City","1550","Carrollton Jr. High School",3
"2016","766","Carrollton City","ALL","All Schools",12
"2016","767","Cartersville City","0177","Cartersville Primary School",3
"2016","767","Cartersville City","0191","Cartersville Elementary School",4
"2016","767","Cartersville City","0277","Cartersville Middle School",3
"2016","767","Cartersville City","ALL","All Schools",10
"2016","771","Commerce City","0104","Commerce Primary",1
"2016","771","Commerce City","0105","Commerce Middle School",3
"2016","771","Commerce City","ALL","All Schools",4
"2016","772","Dalton City","0101","Park Creek Elementary School",2
"2016","772","Dalton City","0105","Blue Ridge Elementary School",7
"2016","772","Dalton City","0173","Westwood Elementary School",5
"2016","772","Dalton City","0201","Dalton Middle School",13
"2016","772","Dalton City","0301","City Park Elementary School",12
"2016","772","Dalton City","1050","Brookwood Elementary School",1
"2016","772","Dalton City","1052","Roan Elementary School",4
"2016","772","Dalton City","ALL","All Schools",44
"2016","773","Decatur City","1552","Renfroe Middle School",1
"2016","773","Decatur City","ALL","All Schools",1
"2016","774","Dublin City","0112","Hillcrest Elementary",2
"2016","774","Dublin City","ALL","All Schools",2
"2016","776","Gainesville City","0104","New Holland Core Knowledge Academy",4
"2016","776","Gainesville City","0110","Gainesville Middle School",17
"2016","776","Gainesville City","0193","Centennial Arts Academy",6
"2016","776","Gainesville City","0204","Gainesville Exploration Academy",10
"2016","776","Gainesville City","2050","Enota Multiple Intelligences Academy",8
"2016","776","Gainesville City","2550","Fair Street International Baccalaureate World School",2
"2016","776","Gainesville City","ALL","All Schools",47
"2016","779","Jefferson City","0101","Jefferson Middle School",1
"2016","779","Jefferson City","0107","Jefferson Academy",1
"2016","779","Jefferson City","ALL","All Schools",2
"2016","781","Marietta City","0104","Sawyer Road Elementary School",8
"2016","781","Marietta City","0188","A.L. Burruss Elementary School",1
"2016","781","Marietta City","0203","Marietta Middle School ",17
"2016","781","Marietta City","0294","Lockheed Elementary School",6
"2016","781","Marietta City","0303","Marietta Sixth Grade Academy",11
"2016","781","Marietta City","2052","Park Street Elementary School",1
"2016","781","Marietta City","3050","Hickory Hills Elementary School",1
"2016","781","Marietta City","ALL","All Schools",45
"2016","7820412","State Charter Schools-Georgia Connections Academy","0412","Georgia Connections Academy",1
"2016","7820412","State Charter Schools-Georgia Connections Academy","ALL","All Schools",1
"2016","7830210","Pataula Charter Academy","0210","Pataula Charter Academy",1
"2016","7830210","Pataula Charter Academy","ALL","All Schools",1
"2016","785","Rome City","0105","Elm Street Elementary",3
"2016","785","Rome City","0293","Rome Middle School",4
"2016","785","Rome City","0376","Anna K. Davie Elementary",2
"2016","785","Rome City","2054","West End Elementary School",3
"2016","785","Rome City","ALL","All Schools",12
"2016","786","Social Circle City","0200","Social Circle Elementary School",2
"2016","786","Social Circle City","ALL","All Schools",2
"2016","792","Valdosta City","0101","Sallas Mahone Elementary",3
"2016","792","Valdosta City","0103","Valdosta Middle School",5
"2016","792","Valdosta City","0106","J. L. Lomax Elementary School",4
"2016","792","Valdosta City","0309","S.L. Mason Elementary School",1
"2016","792","Valdosta City","ALL","All Schools",13
"2016","ALL","State Level","ALL","All Schools",4400
