NCES District ID,State District ID,District Name,County Name,Street Address,City,State,ZIP,ZIP 4-digit,Phone,Students,Teachers,Schools,Locale Code,Locale,Student Teacher Ratio,Type
1300060,GA-601,Appling County School District,Appling County,249 Blackshear Highway,Baxley,GEORGIA,31513,    ,(912)367-8600,3463.00,256.30,5.00,33,33-Town: Remote,13.51,1-Regular local school district that is NOT a component of a supervisory union
1300090,GA-602,Atkinson County School District,Atkinson County,506 East Roberts Ave.,Pearson,GEORGIA,31642,    ,(912)422-7373,1630.00,119.10,4.00,43,43-Rural: Remote,13.69,1-Regular local school district that is NOT a component of a supervisory union
1300120,GA-761,Atlanta City School District,Fulton County,210 Pryor Rd.,Atlanta,GEORGIA,30335,    ,(404)802-3500,50325.00,3979.90,86.00,11,11-City: Large,12.64,1-Regular local school district that is NOT a component of a supervisory union
1300150,GA-603,Bacon County School District,Bacon County,102 W. 4th Street,Alma,GEORGIA,31510,    ,(912)632-7363,2128.00,162.40,4.00,41,41-Rural: Fringe,13.10,1-Regular local school district that is NOT a component of a supervisory union
1300180,GA-604,Baker County School District,Baker County,260 Hwy 37 SW,Newton,GEORGIA,31770,    ,(229)734-5346,300.00,25.90,2.00,42,42-Rural: Distant,11.58,1-Regular local school district that is NOT a component of a supervisory union
1300210,GA-605,Baldwin County School District,Baldwin County,110 N. ABC Street,Milledgeville,GEORGIA,31061,    ,(478)453-4176,4693.00,344.70,6.00,32,32-Town: Distant,13.61,1-Regular local school district that is NOT a component of a supervisory union
1300240,GA-606,Banks County School District,Banks County,102 Hwy 51 South,Homer,GEORGIA,30547,    ,(706)677-2224,2843.00,211.00,4.00,42,42-Rural: Distant,13.47,1-Regular local school district that is NOT a component of a supervisory union
1300290,GA-607,Barrow County School District,Barrow County,179 West Athens Street,Winder,GEORGIA,30680,    ,(770)867-4527,14882.00,1072.80,16.00,41,41-Rural: Fringe,13.87,1-Regular local school district that is NOT a component of a supervisory union
1300330,GA-608,Bartow County School District,Bartow County,65 Gilreath Road NW,Cartersville,GEORGIA,30120,    ,(770)606-5800,13806.00,931.30,19.00,41,41-Rural: Fringe,14.82,1-Regular local school district that is NOT a component of a supervisory union
1300360,GA-609,Ben Hill County School District,Ben Hill County,509 West Palm Street,Fitzgerald,GEORGIA,31750,    ,(912)426-5500,3003.00,237.20,5.00,41,41-Rural: Fringe,12.66,1-Regular local school district that is NOT a component of a supervisory union
1300390,GA-610,Berrien County School District,Berrien County,810 South Dogwood Drive,Nashville,GEORGIA,31639,    ,(912)686-2081,3074.00,209.00,5.00,41,41-Rural: Fringe,14.71,1-Regular local school district that is NOT a component of a supervisory union
1300420,GA-611,Bibb County School District,Bibb County,484 Mulberry St,Macon,GEORGIA,31201,    ,(478)765-8711,21392.00,1513.40,35.00,12,12-City: Mid-size,14.14,1-Regular local school district that is NOT a component of a supervisory union
1300440,GA-612,Bleckley County School District,Bleckley County,909 N.E Dykes St.,Cochran,GEORGIA,31014,    ,(478)934-2821,2605.00,186.00,5.00,41,41-Rural: Fringe,14.01,1-Regular local school district that is NOT a component of a supervisory union
1300480,GA-613,Brantley County School District,Brantley County,272 School Circle,Nahunta,GEORGIA,31553,    ,(912)462-6176,3403.00,244.40,7.00,42,42-Rural: Distant,13.92,1-Regular local school district that is NOT a component of a supervisory union
1300510,GA-763,Bremen City School District,Haralson County,504 Laurel Street,Bremen,GEORGIA,30110,    ,(770)537-5508,2355.00,143.70,4.00,31,31-Town: Fringe,16.39,1-Regular local school district that is NOT a component of a supervisory union
1300540,GA-614,Brooks County School District,Brooks County,1081 Barwick Road,Quitman,GEORGIA,31643,    ,(229)263-7531,2141.00,158.70,6.00,41,41-Rural: Fringe,13.49,1-Regular local school district that is NOT a component of a supervisory union
1300570,GA-615,Bryan County School District,Bryan County,66 Industrial Blvd.,Pembroke,GEORGIA,31321,    ,(912)851-4000,10221.00,709.20,10.00,41,41-Rural: Fringe,14.41,1-Regular local school district that is NOT a component of a supervisory union
1300600,GA-764,Buford City School District,Gwinnett County,2625 Sawnee Avenue,Buford,GEORGIA,30518,    ,(770)945-5035,5847.00,358.70,5.00,21,21-Suburb: Large,16.30,1-Regular local school district that is NOT a component of a supervisory union
1300630,GA-616,Bulloch County School District,Bulloch County,150 Williams Rd. Suite A,Statesboro,GEORGIA,30458,    ,(912)764-6201,11050.00,795.40,15.00,42,42-Rural: Distant,13.89,1-Regular local school district that is NOT a component of a supervisory union
1300660,GA-617,Burke County School District,Burke County,789 Burke Veterans Parkway,Waynesboro,GEORGIA,30830,    ,(706)554-5101,3990.00,323.80,5.00,32,32-Town: Distant,12.32,1-Regular local school district that is NOT a component of a supervisory union
1300690,GA-618,Butts County School District,Butts County,181 N. Mulberry St.,Jackson,GEORGIA,30233,    ,(770)504-2300,3564.00,234.30,5.00,41,41-Rural: Fringe,15.21,1-Regular local school district that is NOT a component of a supervisory union
1300720,GA-765,Calhoun City School District,Gordon County,334 South Wall Street,Calhoun,GEORGIA,30701,    ,(706)629-2900,4135.00,228.50,5.00,32,32-Town: Distant,18.10,1-Regular local school district that is NOT a component of a supervisory union
1300750,GA-619,Calhoun County School District,Calhoun County,10877 Dickey Street,Morgan,GEORGIA,39866,    ,(229)849-2765,467.00,38.80,3.00,43,43-Rural: Remote,12.04,1-Regular local school district that is NOT a component of a supervisory union
1300780,GA-620,Camden County School District,Camden County,311 South East Street,Kingsland,GEORGIA,31548,    ,(912)729-5687,9523.00,652.60,12.00,32,32-Town: Distant,14.59,1-Regular local school district that is NOT a component of a supervisory union
1300810,GA-621,Candler County School District,Candler County,210 South College Street,Metter,GEORGIA,30439,    ,(912)685-5713,2201.00,143.60,4.00,41,41-Rural: Fringe,15.33,1-Regular local school district that is NOT a component of a supervisory union
1300840,GA-622,Carroll County School District,Carroll County,164 Independence Dr.,Carrollton,GEORGIA,30116,    ,(770)832-3568,15981.00,1023.90,24.00,41,41-Rural: Fringe,15.61,1-Regular local school district that is NOT a component of a supervisory union
1300870,GA-766,Carrollton City School District,Carroll County,106 Trojan Drive,Carrollton,GEORGIA,30117,    ,(770)832-9633,5612.00,323.30,4.00,31,31-Town: Fringe,17.36,1-Regular local school district that is NOT a component of a supervisory union
1300900,GA-767,Cartersville City School District,Bartow County,15 Nelson Street,Cartersville,GEORGIA,30120,    ,(770)382-5880,4497.00,294.80,4.00,23,23-Suburb: Small,15.25,1-Regular local school district that is NOT a component of a supervisory union
1300930,GA-623,Catoosa County School District,Catoosa County,307 Cleveland Street,Ringgold,GEORGIA,30736,    ,(706)965-2297,10426.00,824.10,16.00,21,21-Suburb: Large,12.65,1-Regular local school district that is NOT a component of a supervisory union
1300015,GA-868,Central Savannah River RESA,McDuffie County,Highway 78,Dearing,GEORGIA,30808,    ,(706)556-6225,null,0.00,0.00,41,41-Rural: Fringe,-1.00,4-Regional Education Service Agency (RESA)
1300990,GA-624,Charlton County School District,Charlton County,37 Touchdown Lane,Folkston,GEORGIA,31537,    ,(912)496-2596,1686.00,119.90,4.00,41,41-Rural: Fringe,14.06,1-Regular local school district that is NOT a component of a supervisory union
1301020,GA-625,Chatham County School District,Chatham County,208 Bull St,Savannah,GEORGIA,31401,    ,(912)201-5585,36326.00,2675.00,58.00,12,12-City: Mid-size,13.58,1-Regular local school district that is NOT a component of a supervisory union
1301050,GA-626,Chattahoochee County School District,Chattahoochee County,326 Broad Street,Cusseta,GEORGIA,31805,    ,(706)989-3774,970.00,62.30,3.00,42,42-Rural: Distant,15.57,1-Regular local school district that is NOT a component of a supervisory union
1300016,GA-872,Chattahoochee-Flint RESA,Schley County,203 East College Street,Ellaville,GEORGIA,31806,    ,(229)937-5341,null,3.50,0.00,42,42-Rural: Distant,-1.00,4-Regional Education Service Agency (RESA)
1301080,GA-627,Chattooga County School District,Chattooga County,33 Middle School Road,Summerville,GEORGIA,30747,    ,(706)857-3447,2575.00,183.70,5.00,41,41-Rural: Fringe,14.02,1-Regular local school district that is NOT a component of a supervisory union
1301110,GA-628,Cherokee County School District,Cherokee County,110 Academy Street,Canton,GEORGIA,30114,    ,(770)479-1871,41891.00,2974.30,37.00,21,21-Suburb: Large,14.08,1-Regular local school district that is NOT a component of a supervisory union
1301140,GA-769,Chickamauga City School District,Walker County,402 Cove Road,Chickamauga,GEORGIA,30707,    ,(706)382-3100,1277.00,82.40,3.00,21,21-Suburb: Large,15.50,1-Regular local school district that is NOT a component of a supervisory union
1301170,GA-629,Clarke County School District,Clarke County,595 Prince Ave,Athens,GEORGIA,30601,    ,(706)546-7721,12340.00,1220.70,21.00,12,12-City: Mid-size,10.11,1-Regular local school district that is NOT a component of a supervisory union
1301200,GA-630,Clay County School District,Clay County,111 Commerce St.,Fort Gaines,GEORGIA,31751,    ,(229)768-2232,200.00,21.50,2.00,43,43-Rural: Remote,9.30,1-Regular local school district that is NOT a component of a supervisory union
1301230,GA-631,Clayton County School District,Clayton County,1058 Fifth Avenue,Jonesboro,GEORGIA,30236,    ,(770)473-2700,52186.00,3382.40,67.00,21,21-Suburb: Large,15.43,1-Regular local school district that is NOT a component of a supervisory union
1301260,GA-632,Clinch County School District,Clinch County,46 S. College Street,Homerville,GEORGIA,31634,    ,(912)487-5321,1251.00,87.50,3.00,41,41-Rural: Fringe,14.30,1-Regular local school district that is NOT a component of a supervisory union
1300020,GA-886,Coastal Plains RESA,Cook County,414 North Robinson,Lenox,GEORGIA,31637,    ,(229)546-4094,null,15.50,0.00,42,42-Rural: Distant,-1.00,4-Regional Education Service Agency (RESA)
1301290,GA-633,Cobb County School District,Cobb County,514 Glover Street,Marietta,GEORGIA,30061,    ,(770)426-3300,106703.00,7408.10,110.00,21,21-Suburb: Large,14.40,1-Regular local school district that is NOT a component of a supervisory union
1301350,GA-634,Coffee County School District,Coffee County,1311 S. Peterson Ave.,Douglas,GEORGIA,31533,    ,(912)384-2086,7538.00,518.90,12.00,41,41-Rural: Fringe,14.53,1-Regular local school district that is NOT a component of a supervisory union
1301380,GA-635,Colquitt County School District,Colquitt County,710 Lane Street,Moultrie,GEORGIA,31768,    ,(229)890-6200,8830.00,682.50,13.00,41,41-Rural: Fringe,12.94,1-Regular local school district that is NOT a component of a supervisory union
1301410,GA-636,Columbia County School District,Columbia County,4781 Hereford Farm Road,Evans,GEORGIA,30809,    ,(706)541-0650,29025.00,1841.30,30.00,21,21-Suburb: Large,15.76,1-Regular local school district that is NOT a component of a supervisory union
1301440,GA-771,Commerce City School District,Jackson County,270 Lakeview Drive,Commerce,GEORGIA,30529,    ,(706)335-5500,1785.00,128.50,4.00,32,32-Town: Distant,13.89,1-Regular local school district that is NOT a component of a supervisory union
1301470,GA-637,Cook County School District,Cook County,1109 N PARRISH AVE,ADEL,GEORGIA,31620,    ,(229)896-2294,3096.00,240.50,4.00,41,41-Rural: Fringe,12.87,1-Regular local school district that is NOT a component of a supervisory union
1301500,GA-638,Coweta County School District,Coweta County,237 Jackson Street,Newnan,GEORGIA,30264,    ,(770)254-2801,23200.00,1577.30,29.00,21,21-Suburb: Large,14.71,1-Regular local school district that is NOT a component of a supervisory union
1301530,GA-639,Crawford County School District,Crawford County,190 Crusselle Street,Roberta,GEORGIA,31078,    ,(478)836-3131,1562.00,120.40,4.00,42,42-Rural: Distant,12.97,1-Regular local school district that is NOT a component of a supervisory union
1301560,GA-640,Crisp County School District,Crisp County,201 7th Street South,Cordele,GEORGIA,31015,    ,(229)276-3400,3575.00,255.40,5.00,41,41-Rural: Fringe,14.00,1-Regular local school district that is NOT a component of a supervisory union
1301590,GA-641,Dade County School District,Dade County,52 Tradition Lane,Trenton,GEORGIA,30752,    ,(706)657-4361,2063.00,141.40,4.00,31,31-Town: Fringe,14.59,1-Regular local school district that is NOT a component of a supervisory union
1301620,GA-772,Dalton City School District,Whitfield County,300 W. Waugh Street,Dalton,GEORGIA,30720,    ,(706)278-8766,7675.00,615.30,10.00,13,13-City: Small,12.47,1-Regular local school district that is NOT a component of a supervisory union
1301650,GA-642,Dawson County School District,Dawson County,517 Allen Street,Dawsonville,GEORGIA,30534,    ,(706)265-3246,3906.00,259.20,7.00,41,41-Rural: Fringe,15.07,1-Regular local school district that is NOT a component of a supervisory union
1301740,GA-644,DeKalb County School District,DeKalb County,1701 Mountain Industrial Blvd,Stone Mountain,GEORGIA,30083,    ,(678)676-1200,92368.00,6250.30,131.00,21,21-Suburb: Large,14.78,1-Regular local school district that is NOT a component of a supervisory union
1301680,GA-773,Decatur City School District,DeKalb County,125 Electric Avenue,Decatur,GEORGIA,30030,    ,(404)370-4400,5655.00,448.60,9.00,21,21-Suburb: Large,12.61,1-Regular local school district that is NOT a component of a supervisory union
1301710,GA-643,Decatur County School District,Decatur County,100 South West Street,Bainbridge,GEORGIA,39817,    ,(229)248-2200,4310.00,286.30,6.00,32,32-Town: Distant,15.05,1-Regular local school district that is NOT a component of a supervisory union
1300025,GA-890,Department of Corrections,Fulton County,Suite 852. 205 Jessie Hill Jr.,Atlanta,GEORGIA,30334,    ,(404)656-6020,84.00,0.00,1.00,32,32-Town: Distant,null,5-State agency providing elementary and/or secondary level instruction
1300027,GA-892,Department of Human Resources,Fulton County,2 Peachtree Street. Suite 23,Atlanta,GEORGIA,30303,    ,(404)463-6867,null,null,1.00,11,11-City: Large,-1.00,5-State agency providing elementary and/or secondary level instruction
1300026,GA-891,Department of Juvenile Justice,DeKalb County,3408 Covington Highway,Decatur,GEORGIA,30032,    ,(404)508-6500,372.00,34.00,25.00,41,41-Rural: Fringe,10.94,5-State agency providing elementary and/or secondary level instruction
1300028,GA-896,Department of Labor,Fulton County,148 Andrew Young International,Atlanta,GEORGIA,30303,    ,(404)232-3540,null,null,0.00,11,11-City: Large,-2.00,5-State agency providing elementary and/or secondary level instruction
1301770,GA-645,Dodge County School District,Dodge County,720 College Street,Eastman,GEORGIA,31023,    ,(478)374-3783,2785.00,212.00,5.00,32,32-Town: Distant,13.14,1-Regular local school district that is NOT a component of a supervisory union
1301800,GA-646,Dooly County School District,Dooly County,202 Cotton Street,Vienna,GEORGIA,31092,    ,(229)268-4761,1110.00,80.20,4.00,42,42-Rural: Distant,13.84,1-Regular local school district that is NOT a component of a supervisory union
1301830,GA-647,Dougherty School District,Dougherty County,200 Pine Avenue,Albany,GEORGIA,31701,    ,(229)431-1285,13043.00,915.20,22.00,13,13-City: Small,14.25,1-Regular local school district that is NOT a component of a supervisory union
1301860,GA-648,Douglas County School District,Douglas County,11490 Veterans Memorial Hwy,Douglasville,GEORGIA,30134,    ,(770)920-4000,25802.00,1682.80,35.00,21,21-Suburb: Large,15.33,1-Regular local school district that is NOT a component of a supervisory union
1301870,GA-774,Dublin City School District,Laurens County,207 Shamrock Dr.,Dublin,GEORGIA,31021,    ,(478)272-3440,2288.00,178.50,5.00,33,33-Town: Remote,12.82,1-Regular local school district that is NOT a component of a supervisory union
1301920,GA-649,Early County School District,Early County,11927 Columbia Street,Blakely,GEORGIA,39823,    ,(229)723-4337,1668.00,167.80,3.00,32,32-Town: Distant,9.94,1-Regular local school district that is NOT a component of a supervisory union
1301950,GA-650,Echols County School District,Echols County,216 Hwy 129 North,Statenville,GEORGIA,31648,    ,(912)559-5734,891.00,60.30,2.00,42,42-Rural: Distant,14.78,1-Regular local school district that is NOT a component of a supervisory union
1301980,GA-651,Effingham County School District,Effingham County,405 North Ash Street,Springfield,GEORGIA,31329,    ,(912)754-6491,14047.00,964.70,13.00,41,41-Rural: Fringe,14.56,1-Regular local school district that is NOT a component of a supervisory union
1302010,GA-652,Elbert County School District,Elbert County,50 Laurel Drive,Elberton,GEORGIA,30635,    ,(706)213-4000,3066.00,216.40,5.00,41,41-Rural: Fringe,14.17,1-Regular local school district that is NOT a component of a supervisory union
1302040,GA-653,Emanuel County School District,Emanuel County,201 North Main Street,Swainsboro,GEORGIA,30401,    ,(478)237-6674,4059.00,316.60,6.00,33,33-Town: Remote,12.82,1-Regular local school district that is NOT a component of a supervisory union
1302070,GA-654,Evans County School District,Evans County,613 West Main Street,Claxton,GEORGIA,30417,    ,(912)739-3544,1818.00,135.60,4.00,41,41-Rural: Fringe,13.41,1-Regular local school district that is NOT a component of a supervisory union
1302100,GA-655,Fannin County School District,Fannin County,6145 Old Highway 76,Blue Ridge,GEORGIA,30513,    ,(706)632-3771,2799.00,206.70,5.00,42,42-Rural: Distant,13.54,1-Regular local school district that is NOT a component of a supervisory union
1302130,GA-656,Fayette County School District,Fayette County,210 Stonewall Avenue West,Fayetteville,GEORGIA,30214,    ,(770)460-3535,20070.00,1466.20,24.00,21,21-Suburb: Large,13.69,1-Regular local school district that is NOT a component of a supervisory union
1300018,GA-880,First District RESA,Bulloch County,201 West Lee Street,Brooklet,GEORGIA,30415,    ,(912)842-5000,null,14.10,0.00,42,42-Rural: Distant,-1.00,4-Regional Education Service Agency (RESA)
1302190,GA-657,Floyd County School District,Floyd County,600 Riverside Parkway NE,Rome,GEORGIA,30161,    ,(706)234-1031,8925.00,630.50,15.00,41,41-Rural: Fringe,14.16,1-Regular local school district that is NOT a component of a supervisory union
1302220,GA-658,Forsyth County School District,Forsyth County,1120 Dahlonega Highway,Cumming,GEORGIA,30040,    ,(770)887-2461,54077.00,3280.80,42.00,21,21-Suburb: Large,16.48,1-Regular local school district that is NOT a component of a supervisory union
1302250,GA-659,Franklin County School District,Franklin County,280 Busha Road,Carnesville,GEORGIA,30521,    ,(706)384-4554,3619.00,253.00,5.00,42,42-Rural: Distant,14.30,1-Regular local school district that is NOT a component of a supervisory union
1302280,GA-660,Fulton County School District,Fulton County,6201 Powers Ferry Road,Atlanta,GEORGIA,30339,    ,(404)763-6890,89935.00,6050.10,108.00,21,21-Suburb: Large,14.87,1-Regular local school district that is NOT a component of a supervisory union
1302310,GA-776,Gainesville City School District,Hall County,508 Oak Street. NW,Gainesville,GEORGIA,30501,    ,(770)536-5275,7974.00,509.20,9.00,13,13-City: Small,15.66,1-Regular local school district that is NOT a component of a supervisory union
1302340,GA-661,Gilmer County School District,Gilmer County,134 Industrial Blvd,Ellijay,GEORGIA,30540,    ,(706)276-5000,4113.00,282.30,5.00,41,41-Rural: Fringe,14.57,1-Regular local school district that is NOT a component of a supervisory union
1302370,GA-662,Glascock County School District,Glascock County,738 Railroad Ave.,Gibson,GEORGIA,30810,    ,(706)598-2291,573.00,44.70,2.00,43,43-Rural: Remote,12.82,1-Regular local school district that is NOT a component of a supervisory union
1302400,GA-663,Glynn County School District,Glynn County,1313 Egmont St,Brunswick,GEORGIA,31520,    ,(912)267-4100,12844.00,949.00,17.00,13,13-City: Small,13.53,1-Regular local school district that is NOT a component of a supervisory union
1302430,GA-664,Gordon County School District,Gordon County,205 Warrior Path,Calhoun,GEORGIA,30701,    ,(706)629-7366,6421.00,447.40,10.00,41,41-Rural: Fringe,14.35,1-Regular local school district that is NOT a component of a supervisory union
1302460,GA-665,Grady County School District,Grady County,122 Noth Broad Street,Cairo,GEORGIA,39828,    ,(229)377-3701,4405.00,326.20,7.00,32,32-Town: Distant,13.50,1-Regular local school district that is NOT a component of a supervisory union
1302490,GA-666,Greene County School District,Greene County,101 East Third Street,Greensboro,GEORGIA,30642,    ,(706)453-7688,2589.00,242.90,5.00,42,42-Rural: Distant,10.66,1-Regular local school district that is NOT a component of a supervisory union
1300012,GA-862,Griffin RESA,Spalding County,119 West Vineyard Road,Griffin,GEORGIA,30224,    ,(770)229-3247,null,1.00,0.00,21,21-Suburb: Large,-1.00,4-Regional Education Service Agency (RESA)
1302550,GA-667,Gwinnett County School District,Gwinnett County,52 Gwinnett Dr,Lawrenceville,GEORGIA,30045,    ,(678)301-6000,181814.00,12254.50,140.00,21,21-Suburb: Large,14.84,1-Regular local school district that is NOT a component of a supervisory union
1302580,GA-668,Habersham County School District,Habersham County,132 Stanford Mill Rd,Clarkesville,GEORGIA,30523,    ,(706)754-2118,7204.00,540.80,14.00,41,41-Rural: Fringe,13.32,1-Regular local school district that is NOT a component of a supervisory union
1302610,GA-669,Hall County School District,Hall County,711 Green St. Suite 100,Gainesville,GEORGIA,30505,    ,(770)534-1080,27328.00,1890.90,37.00,41,41-Rural: Fringe,14.45,1-Regular local school district that is NOT a component of a supervisory union
1302640,GA-670,Hancock County School District,Hancock County,12480 Augusta Highway,Sparta,GEORGIA,31087,    ,(706)444-5775,703.00,83.50,3.00,41,41-Rural: Fringe,8.42,1-Regular local school district that is NOT a component of a supervisory union
1302670,GA-671,Haralson County School District,Haralson County,299 Robertson Ave,Tallapoosa,GEORGIA,30176,    ,(770)646-3882,3429.00,257.00,7.00,42,42-Rural: Distant,13.34,1-Regular local school district that is NOT a component of a supervisory union
1302700,GA-672,Harris County School District,Harris County,132 Barnes Mill Rd,Hamilton,GEORGIA,31811,    ,(706)628-4206,5645.00,366.20,7.00,42,42-Rural: Distant,15.42,1-Regular local school district that is NOT a component of a supervisory union
1302730,GA-673,Hart County School District,Hart County,284 Campbell Drive,Hartwell,GEORGIA,30643,    ,(706)376-5141,3656.00,240.90,5.00,32,32-Town: Distant,15.18,1-Regular local school district that is NOT a component of a supervisory union
1302790,GA-674,Heard County School District,Heard County,131 E Court Sq.,Franklin,GEORGIA,30217,    ,(706)675-3320,2195.00,148.80,6.00,42,42-Rural: Distant,14.75,1-Regular local school district that is NOT a component of a supervisory union
1300017,GA-876,Heart of Georgia RESA,Dodge County,1141 Cochran Hwy,Eastman,GEORGIA,31023,    ,(478)374-2240,null,7.30,0.00,41,41-Rural: Fringe,-1.00,4-Regional Education Service Agency (RESA)
1302820,GA-675,Henry County School District,Henry County,396 Tomlinson Street,McDonough,GEORGIA,30253,    ,(770)957-6601,43417.00,2625.50,50.00,21,21-Suburb: Large,16.54,1-Regular local school district that is NOT a component of a supervisory union
1302880,GA-676,Houston County School District,Houston County,1100 Main Street,Perry,GEORGIA,31069,    ,(478)988-6200,30631.00,2013.60,37.00,13,13-City: Small,15.21,1-Regular local school district that is NOT a component of a supervisory union
1302910,GA-677,Irwin County School District,Irwin County,210 Apple St.,Ocilla,GEORGIA,31774,    ,(229)468-7485,1622.00,123.70,3.00,41,41-Rural: Fringe,13.11,1-Regular local school district that is NOT a component of a supervisory union
1302940,GA-678,Jackson County School District,Jackson County,1660 Winder Highway,Jefferson,GEORGIA,30549,    ,(706)367-5151,9918.00,721.80,10.00,41,41-Rural: Fringe,13.74,1-Regular local school district that is NOT a component of a supervisory union
1302970,GA-679,Jasper County School District,Jasper County,1411 College Street,Monticello,GEORGIA,31064,    ,(706)468-6350,2573.00,169.90,4.00,41,41-Rural: Fringe,15.14,1-Regular local school district that is NOT a component of a supervisory union
1303000,GA-680,Jeff Davis County School District,Jeff Davis County,44 Charles Rogers Blvd,Hazlehurst,GEORGIA,31539,    ,(912)375-6700,3075.00,209.50,4.00,33,33-Town: Remote,14.68,1-Regular local school district that is NOT a component of a supervisory union
1303030,GA-779,Jefferson City School District,Jackson County,575 Washington St.,Jefferson,GEORGIA,30549,    ,(706)367-2880,4166.00,268.60,4.00,31,31-Town: Fringe,15.51,1-Regular local school district that is NOT a component of a supervisory union
1303060,GA-681,Jefferson County School District,Jefferson County,1001 Peachtree Street,Louisville,GEORGIA,30434,    ,(478)625-7626,2059.00,175.20,5.00,42,42-Rural: Distant,11.75,1-Regular local school district that is NOT a component of a supervisory union
1303090,GA-682,Jenkins County School District,Jenkins County,527 Barney Ave,Millen,GEORGIA,30442,    ,(478)982-6000,1146.00,95.70,3.00,32,32-Town: Distant,11.97,1-Regular local school district that is NOT a component of a supervisory union
1303120,GA-683,Johnson County School District,Johnson County,325 Lee Street,Wrightsville,GEORGIA,31096,    ,(478)864-3302,1009.00,78.50,3.00,41,41-Rural: Fringe,12.85,1-Regular local school district that is NOT a component of a supervisory union
1303150,GA-684,Jones County School District,Jones County,125 Stewart Avenue,Gray,GEORGIA,31032,    ,(478)986-6580,5157.00,364.70,7.00,41,41-Rural: Fringe,14.14,1-Regular local school district that is NOT a component of a supervisory union
1303210,GA-685,Lamar County School District,Lamar County,#3 Trojan Way,Barnesville,GEORGIA,30204,    ,(770)358-5891,2820.00,174.50,4.00,32,32-Town: Distant,16.16,1-Regular local school district that is NOT a component of a supervisory union
1303240,GA-686,Lanier County School District,Lanier County,247 Hwy 221 South,Lakeland,GEORGIA,31635,    ,(912)482-3966,1722.00,120.10,4.00,41,41-Rural: Fringe,14.34,1-Regular local school district that is NOT a component of a supervisory union
1301890,GA-687,Laurens County School District,Laurens County,467 Firetower Road,Dublin,GEORGIA,31021,    ,(478)272-4767,6424.00,436.50,8.00,41,41-Rural: Fringe,14.72,1-Regular local school district that is NOT a component of a supervisory union
1303270,GA-688,Lee County School District,Lee County,126 Starksville Ave.N,Leesburg,GEORGIA,31763,    ,(229)903-2100,6333.00,420.20,8.00,31,31-Town: Fringe,15.07,1-Regular local school district that is NOT a component of a supervisory union
1303300,GA-689,Liberty County School District,Liberty County,200 Bradwell Street,Hinesville,GEORGIA,31313,    ,(912)876-2161,10610.00,639.80,12.00,13,13-City: Small,16.58,1-Regular local school district that is NOT a component of a supervisory union
1303330,GA-690,Lincoln County School District,Lincoln County,423 Metasville Road,Lincolnton,GEORGIA,30817,    ,(706)359-3742,1231.00,86.10,3.00,42,42-Rural: Distant,14.30,1-Regular local school district that is NOT a component of a supervisory union
1303360,GA-691,Long County School District,Long County,468 S. McDonald Street,Ludowici,GEORGIA,31316,    ,(912)545-2367,4343.00,246.00,4.00,42,42-Rural: Distant,17.65,1-Regular local school district that is NOT a component of a supervisory union
1303390,GA-692,Lowndes County School District,Lowndes County,1529 Norman Drive,Valdosta,GEORGIA,31601,    ,(229)245-2250,10728.00,748.60,11.00,13,13-City: Small,14.33,1-Regular local school district that is NOT a component of a supervisory union
1303420,GA-693,Lumpkin County School District,Lumpkin County,56 Indian Drive,Dahlonega,GEORGIA,30533,    ,(706)864-3611,3749.00,258.20,5.00,41,41-Rural: Fringe,14.52,1-Regular local school district that is NOT a component of a supervisory union
1303450,GA-694,Macon County School District,Macon County,Highway 49,Oglethorpe,GEORGIA,31068,    ,(478)472-8188,1114.00,72.90,3.00,32,32-Town: Distant,15.28,1-Regular local school district that is NOT a component of a supervisory union
1303480,GA-695,Madison County School District,Madison County,800 Madison Street,Danielsville,GEORGIA,30633,    ,(706)795-2191,5077.00,368.20,7.00,42,42-Rural: Distant,13.79,1-Regular local school district that is NOT a component of a supervisory union
1303510,GA-781,Marietta City School District,Cobb County,250 Howard Street,Marietta,GEORGIA,30060,    ,(770)422-3500,8711.00,677.70,13.00,13,13-City: Small,12.85,1-Regular local school district that is NOT a component of a supervisory union
1303540,GA-696,Marion County School District,Marion County,1697 Pineville Road,Buena Vista,GEORGIA,31803,    ,(229)649-2234,1279.00,79.90,2.00,42,42-Rural: Distant,16.01,1-Regular local school district that is NOT a component of a supervisory union
1303570,GA-697,McDuffie County School District,McDuffie County,716 N. Lee St.,Thomson,GEORGIA,30824,    ,(706)986-4000,3272.00,235.10,6.00,41,41-Rural: Fringe,13.92,1-Regular local school district that is NOT a component of a supervisory union
1303600,GA-698,McIntosh County School District,McIntosh County,200 Pine Street,Darien,GEORGIA,31305,    ,(912)437-6645,1333.00,98.30,3.00,31,31-Town: Fringe,13.56,1-Regular local school district that is NOT a component of a supervisory union
1303630,GA-699,Meriwether County School District,Meriwether County,2100 Gaston Street,Greenville,GEORGIA,30222,    ,(706)672-4297,2323.00,179.60,7.00,42,42-Rural: Distant,12.93,1-Regular local school district that is NOT a component of a supervisory union
1300009,GA-856,Metro RESA,Cobb County,1870 Teasley Drive. SE,Smyrna,GEORGIA,30080,    ,(770)432-2404,null,10.00,0.00,21,21-Suburb: Large,-1.00,4-Regional Education Service Agency (RESA)
1300013,GA-864,Middle Georgia RESA,Houston County,510 Riley Avenue,Fort Valley,GEORGIA,31030,    ,(478)825-3132,null,1.80,0.00,13,13-City: Small,-1.00,4-Regional Education Service Agency (RESA)
1303660,GA-700,Miller County School District,Miller County,96 Perry Street,Colquitt,GEORGIA,39837,    ,(229)758-5592,735.00,59.50,3.00,43,43-Rural: Remote,12.35,1-Regular local school district that is NOT a component of a supervisory union
1303690,GA-701,Mitchell County School District,Mitchell County,108 South Harney Street,Camilla,GEORGIA,31730,    ,(229)336-2100,1304.00,124.20,4.00,41,41-Rural: Fringe,10.50,1-Regular local school district that is NOT a component of a supervisory union
1303720,GA-702,Monroe County School District,Monroe County,25 Brooklyn Avenue,Forsyth,GEORGIA,31029,    ,(478)994-2031,4511.00,302.50,5.00,41,41-Rural: Fringe,14.91,1-Regular local school district that is NOT a component of a supervisory union
1303750,GA-703,Montgomery County School District,Montgomery County,305 South Richardson Street,Mt. Vernon,GEORGIA,30445,    ,(912)583-2740,951.00,72.00,3.00,42,42-Rural: Distant,13.21,1-Regular local school district that is NOT a component of a supervisory union
1303780,GA-704,Morgan County School District,Morgan County,1065 East Avenue,Madison,GEORGIA,30650,    ,(706)342-0752,3514.00,244.70,4.00,32,32-Town: Distant,14.36,1-Regular local school district that is NOT a component of a supervisory union
1303840,GA-705,Murray County School District,Murray County,715 Chestnut St,Chatsworth,GEORGIA,30705,    ,(706)695-4531,6903.00,476.50,11.00,23,23-Suburb: Small,14.49,1-Regular local school district that is NOT a component of a supervisory union
1303870,GA-706,Muscogee County School District,Muscogee County,2960 Macon Road,Columbus,GEORGIA,31906,    ,(706)748-2000,29818.00,2006.00,53.00,12,12-City: Mid-size,14.86,1-Regular local school district that is NOT a component of a supervisory union
1303930,GA-707,Newton County School District,Newton County,3187 Newton Drive NE,Covington,GEORGIA,30014,    ,(770)787-1330,18661.00,1152.50,22.00,21,21-Suburb: Large,16.19,1-Regular local school district that is NOT a component of a supervisory union
1300007,GA-852,North Georgia RESA,Gilmer County,4731 Old Highway 5 South,Ellijay,GEORGIA,30540,    ,(706)276-1111,null,8.90,0.00,41,41-Rural: Fringe,-1.00,4-Regional Education Service Agency (RESA)
1300010,GA-858,Northeast Georgia RESA,Clarke County,375 Winter Street,Winterville,GEORGIA,30683,    ,(706)742-8292,null,22.00,0.00,22,22-Suburb: Mid-size,-1.00,4-Regional Education Service Agency (RESA)
1300006,GA-850,Northwest Georgia RESA,Floyd County,3167 Cedartown Hwy SE,Rome,GEORGIA,30161,    ,(706)295-6189,null,32.50,0.00,41,41-Rural: Fringe,-1.00,4-Regional Education Service Agency (RESA)
1303960,GA-708,Oconee County School District,Oconee County,34 School St,Watkinsville,GEORGIA,30677,    ,(706)769-5130,8531.00,576.80,11.00,41,41-Rural: Fringe,14.79,1-Regular local school district that is NOT a component of a supervisory union
1300014,GA-866,Oconee RESA,Washington County,518 North Harris Street,Sandersville,GEORGIA,31082,    ,(478)552-5178,null,10.00,0.00,33,33-Town: Remote,-1.00,4-Regional Education Service Agency (RESA)
1303990,GA-709,Oglethorpe County School District,Oglethorpe County,735 Athens Road,Lexington,GEORGIA,30648,    ,(706)743-8128,2211.00,170.40,4.00,42,42-Rural: Distant,12.98,1-Regular local school district that is NOT a component of a supervisory union
1300021,GA-888,Okefenokee RESA,Ware County,1450 North Augusta Avenue,Waycross,GEORGIA,31503,    ,(912)285-6151,null,11.00,0.00,33,33-Town: Remote,-1.00,4-Regional Education Service Agency (RESA)
1304020,GA-710,Paulding County School District,Paulding County,3236 Atlanta Highway,Dallas,GEORGIA,30132,    ,(770)443-8000,31518.00,2100.00,33.00,21,21-Suburb: Large,15.01,1-Regular local school district that is NOT a component of a supervisory union
1304050,GA-711,Peach County School District,Peach County,900 Campus Drive,Fort Valley,GEORGIA,31030,    ,(478)825-5933,3866.00,265.30,6.00,41,41-Rural: Fringe,14.57,1-Regular local school district that is NOT a component of a supervisory union
1304080,GA-784,Pelham City School District,Mitchell County,203 Mathewson Avenue,Pelham,GEORGIA,31779,    ,(229)294-8715,1387.00,111.00,3.00,41,41-Rural: Fringe,12.50,1-Regular local school district that is NOT a component of a supervisory union
1304110,GA-712,Pickens County School District,Pickens County,100 D. B. Carroll St.,Jasper,GEORGIA,30143,    ,(706)253-1700,4124.00,294.10,6.00,41,41-Rural: Fringe,14.02,1-Regular local school district that is NOT a component of a supervisory union
1304140,GA-713,Pierce County School District,Pierce County,834 East Main Street,Blackshear,GEORGIA,31516,    ,(912)449-2044,3637.00,247.30,5.00,41,41-Rural: Fringe,14.71,1-Regular local school district that is NOT a component of a supervisory union
1304170,GA-714,Pike County School District,Pike County,16 Jackson Street,Zebulon,GEORGIA,30295,    ,(770)567-8489,3584.00,242.80,5.00,42,42-Rural: Distant,14.76,1-Regular local school district that is NOT a component of a supervisory union
1300008,GA-854,Pioneer RESA,White County,1342 Highway 254,Cleveland,GEORGIA,30528,    ,(706)865-2141,null,41.60,0.00,42,42-Rural: Distant,-1.00,4-Regional Education Service Agency (RESA)
1304200,GA-715,Polk County School District,Polk County,612 South College Street,Cedartown,GEORGIA,30125,    ,(770)748-3821,7878.00,558.50,11.00,32,32-Town: Distant,14.11,1-Regular local school district that is NOT a component of a supervisory union
1304220,GA-716,Pulaski County School District,Pulaski County,72 Warren Street,Hawkinsville,GEORGIA,31036,    ,(478)783-7200,1330.00,95.30,3.00,32,32-Town: Distant,13.96,1-Regular local school district that is NOT a component of a supervisory union
1304260,GA-717,Putnam County School District,Putnam County,158 Old Glenwood Springs Road,Eatonton,GEORGIA,31024,    ,(706)485-5381,2978.00,250.20,4.00,41,41-Rural: Fringe,11.90,1-Regular local school district that is NOT a component of a supervisory union
1304290,GA-718,Quitman County School District,Quitman County,215 Kaigler Road,Georgetown,GEORGIA,31754,    ,(912)334-4189,317.00,24.80,2.00,32,32-Town: Distant,12.78,1-Regular local school district that is NOT a component of a supervisory union
1304320,GA-719,Rabun County School District,Rabun County,41 Education Street,Clayton,GEORGIA,30525,    ,(706)746-5376,2270.00,175.60,4.00,41,41-Rural: Fringe,12.93,1-Regular local school district that is NOT a component of a supervisory union
1304350,GA-720,Randolph County School District,Randolph County,98 School Drive,Cuthbert,GEORGIA,39840,    ,(229)732-3601,642.00,52.00,3.00,42,42-Rural: Distant,12.35,1-Regular local school district that is NOT a component of a supervisory union
1304380,GA-721,Richmond County School District,Richmond County,864 Broad Street,Augusta,GEORGIA,30901,    ,(706)826-1000,29589.00,2136.30,52.00,12,12-City: Mid-size,13.85,1-Regular local school district that is NOT a component of a supervisory union
1304410,GA-722,Rockdale County School District,Rockdale County,960 Pine Street,Conyers,GEORGIA,30012,    ,(770)483-8713,15734.00,1203.60,18.00,21,21-Suburb: Large,13.07,1-Regular local school district that is NOT a component of a supervisory union
1304440,GA-785,Rome City School District,Floyd County,508 East 2nd Street,Rome,GEORGIA,30161,    ,(706)236-5050,6573.00,510.20,8.00,13,13-City: Small,12.88,1-Regular local school district that is NOT a component of a supervisory union
1304470,GA-723,Schley County School District,Schley County,401 Perry Drive,Ellaville,GEORGIA,31806,    ,(229)937-2405,1231.00,86.50,2.00,42,42-Rural: Distant,14.23,1-Regular local school district that is NOT a component of a supervisory union
1304500,GA-724,Screven County School District,Screven County,382 Halcyondale Road,Sylvania,GEORGIA,30467,    ,(912)564-7114,2048.00,163.90,3.00,33,33-Town: Remote,12.50,1-Regular local school district that is NOT a component of a supervisory union
1304530,GA-725,Seminole County School District,Seminole County,203 East 6th Street,Donalsonville,GEORGIA,39845,    ,(229)524-2433,1340.00,102.40,2.00,41,41-Rural: Fringe,13.09,1-Regular local school district that is NOT a component of a supervisory union
1304540,GA-786,Social Circle City School District,Walton County,154 Alcova Drive,Social Circle,GEORGIA,30025,    ,(770)464-2731,1941.00,130.50,4.00,31,31-Town: Fringe,14.87,1-Regular local school district that is NOT a component of a supervisory union
1300019,GA-884,Southwest Georgia RESA,Mitchell County,118 McLaughlin Street SW,Pelham,GEORGIA,31779,    ,(229)294-6750,null,0.00,0.00,41,41-Rural: Fringe,-1.00,4-Regional Education Service Agency (RESA)
1302520,GA-726,Spalding County School District,Spalding County,216 South Sixth Street,Griffin,GEORGIA,30224,    ,(770)229-3700,9563.00,660.80,18.00,21,21-Suburb: Large,14.47,1-Regular local school district that is NOT a component of a supervisory union
1300252,GA-7830623,State Charter Schools II- Academy For Classical Education,Bibb County,5665 New Forsyth Rd,Macon,GEORGIA,31210,    ,(478)238-5757,1807.00,130.00,1.00,12,12-City: Mid-size,13.90,7-Independent Charter District
1300265,GA-7830643,State Charter Schools II- Amana Academy West Atlanta,Cobb County,5540 North Allen Rd SE,Mableton,GEORGIA,30126,    ,(478)624-0989,166.00,16.50,1.00,21,21-Suburb: Large,10.06,7-Independent Charter District
1300221,GA-7830410,State Charter Schools II- Atlanta Heights Charter School,Fulton County,3712 Martin Luther King Jr Dr,Atlanta,GEORGIA,30331,    ,(404)472-3003,681.00,35.30,1.00,11,11-City: Large,19.29,7-Independent Charter District
1300259,GA-7830627,State Charter Schools II- Atlanta SMART Academy,Fulton County,2636 Martin Luther King Jr Dr,Atlanta,GEORGIA,30311,    ,(706)432-1773,209.00,16.60,1.00,11,11-City: Large,12.59,7-Independent Charter District
1300261,GA-7830632,State Charter Schools II- Atlanta Unbound Academy,Fulton County,1743 Hardin Ave,College Park,GEORGIA,30337,    ,(404)579-0247,241.00,20.50,1.00,21,21-Suburb: Large,11.76,7-Independent Charter District
1300256,GA-7830630,State Charter Schools II- Baconton Community Charter School,Mitchell County,260 E Walton St,Baconton,GEORGIA,31716,    ,(229)787-9999,890.00,76.10,1.00,42,42-Rural: Distant,11.70,7-Independent Charter District
1300242,GA-7830613,State Charter Schools II- Brookhaven Innovation Academy,Gwinnett County,186 Hunter St,Norcross,GEORGIA,30071,    ,(770)538-1550,501.00,37.50,1.00,21,21-Suburb: Large,13.36,7-Independent Charter District
1300239,GA-7830611,State Charter Schools II- Cirrus Charter Academy,Bibb County,1870 Pio Nono Ave,Macon,GEORGIA,31204,    ,(478)250-1376,469.00,22.80,1.00,12,12-City: Mid-size,20.57,7-Independent Charter District
1300222,GA-7830610,State Charter Schools II- Coweta Charter Academy,Coweta County,6675 Highway 16,Senoia,GEORGIA,30276,    ,(770)599-0228,789.00,43.00,1.00,41,41-Rural: Fringe,18.35,7-Independent Charter District
1300262,GA-7830633,State Charter Schools II- D.E.L.T.A. STEAM Academy,Douglas County,7131 Mount Vernon Rd,Lithia Springs,GEORGIA,30122,    ,(470)729-2692,292.00,22.10,1.00,21,21-Suburb: Large,13.21,7-Independent Charter District
1305851,GA-7830637,State Charter Schools II- DeKalb Brilliance Academy,DeKalb County,2575A Snapfinger Road,Decatur,GEORGIA,30037,    ,(404)618-2242,171.00,14.00,1.00,21,21-Suburb: Large,12.21,7-Independent Charter District
1305853,GA-7830642,State Charter Schools II- Destination Career Academy of Geor,Cobb County,1700 Water PL SE,Atlanta,GEORGIA,30339,    ,(470)890-6001,389.00,14.00,1.00,21,21-Suburb: Large,27.79,7-Independent Charter District
1300255,GA-7830628,State Charter Schools II- Ethos Classical Charter School,Fulton County,2295 Springdale Cir SW,Atlanta,GEORGIA,30315,    ,(470)502-0046,409.00,30.00,1.00,11,11-City: Large,13.63,7-Independent Charter District
1300217,GA-7830310,State Charter Schools II- Fulton Leadership Academy,Fulton County,2575 Dodson Dr,East Point,GEORGIA,30344,    ,(404)472-3529,227.00,18.50,1.00,21,21-Suburb: Large,12.27,7-Independent Charter District
1300258,GA-7830626,State Charter Schools II- Furlow Charter School,Sumter County,63 Valley Dr,Americus,GEORGIA,31709,    ,(229)931-8667,573.00,45.30,1.00,41,41-Rural: Fringe,12.65,7-Independent Charter District
1300248,GA-7830615,State Charter Schools II- Genesis Innovation Academy for Bo,Fulton County,1049 Custer Avenue SE,Atlanta,GEORGIA,30316,    ,(404)944-8560,304.00,33.10,1.00,11,11-City: Large,9.18,7-Independent Charter District
1300244,GA-7830616,State Charter Schools II- Genesis Innovation Academy for Gi,Fulton County,1049 Custer Avenue SE,Atlanta,GEORGIA,30316,    ,(404)944-8560,306.00,30.10,1.00,11,11-City: Large,10.17,7-Independent Charter District
1300263,GA-7830634,State Charter Schools II- Georgia Fugees Academy Charter Sc,DeKalb County,4046 Chamblee Tucker Rd,Atlanta,GEORGIA,30340,    ,(678)201-0451,163.00,13.20,1.00,21,21-Suburb: Large,12.35,7-Independent Charter District
1300249,GA-7830619,State Charter Schools II- International Academy of Smyrna,Cobb County,2144 S Cobb Dr SE,Smyrna,GEORGIA,30080,    ,(678)370-0980,318.00,27.00,1.00,21,21-Suburb: Large,11.78,7-Independent Charter District
1300250,GA-7830620,State Charter Schools II- International Charter Academy of,Gwinnett County,3705 Engineering Dr,Peachtree Corners,GEORGIA,30092,    ,(770)604-0007,200.00,15.20,1.00,21,21-Suburb: Large,13.16,7-Independent Charter District
1300241,GA-7830614,State Charter Schools II- Liberty Tech Charter Academy,Fayette County,119 Price Rd,Brooks,GEORGIA,30205,    ,(770)461-0005,417.00,37.50,1.00,41,41-Rural: Fringe,11.12,7-Independent Charter District
1300264,GA-7830636,State Charter Schools II- Northwest Classical Academy,Cobb County,3010 Cobb Parkway North,Kennesaw,GEORGIA,30152,    ,(470)502-9700,640.00,43.50,1.00,21,21-Suburb: Large,14.71,7-Independent Charter District
1300218,GA-7830210,State Charter Schools II- Pataula Charter Academy,Calhoun County,18637 Hartford St,Edison,GEORGIA,39846,    ,(229)354-4001,575.00,40.50,1.00,43,43-Rural: Remote,14.20,7-Independent Charter District
1300247,GA-7830617,State Charter Schools II- Resurgence Hall Charter School,Fulton County,1706 Washington Rd,East Point,GEORGIA,30344,    ,(404)382-8512,403.00,28.00,1.00,21,21-Suburb: Large,14.39,7-Independent Charter District
1305852,GA-7830641,State Charter Schools II- Resurgence Hall Middle Academy,Fulton County,1706 Washington Road,Atlanta,GEORGIA,30344,    ,(404)549-9246,77.00,9.00,1.00,21,21-Suburb: Large,8.56,7-Independent Charter District
1300245,GA-7830618,State Charter Schools II- SAIL Charter Academy - School for,Columbia County,4575 Blanchard Woods Dr,Evans,GEORGIA,30809,    ,(762)585-1400,568.00,41.50,1.00,21,21-Suburb: Large,13.69,7-Independent Charter District
1300251,GA-7830621,State Charter Schools II- SLAM Academy of Atlanta,Fulton County,3183 Greenbriar Parkway SW,Atlanta,GEORGIA,30331,    ,(470)819-4992,157.00,9.80,1.00,11,11-City: Large,16.02,7-Independent Charter District
1300243,GA-7830612,State Charter Schools II- Southwest Georgia S.T.E.M. Charte,Randolph County,185 Pecan St,Shellman,GEORGIA,39886,    ,(229)345-3033,486.00,35.10,1.00,42,42-Rural: Distant,13.85,7-Independent Charter District
1300253,GA-7830624,State Charter Schools II- Spring Creek Charter Academy,Decatur County,2501 Vada Rd,Bainbridge,GEORGIA,39817,    ,(229)792-8957,413.00,31.00,1.00,41,41-Rural: Fringe,13.32,7-Independent Charter District
1300005,GA-7830103,State Charter Schools II- Statesboro STEAM Academy,Bulloch County,1718 Northside Dr E,Statesboro,GEORGIA,30458,    ,(912)764-5888,191.00,15.30,1.00,32,32-Town: Distant,12.48,7-Independent Charter District
1300257,GA-7830625,State Charter Schools II- Yi Hwang Academy of Language Exce,Gwinnett County,4550 RiverGreen Parkway - Suit,Duluth,GEORGIA,30096,    ,(404)623-0003,301.00,24.60,1.00,21,21-Suburb: Large,12.24,7-Independent Charter District
1300230,GA-7820212,State Charter Schools- Cherokee Charter Academy,Cherokee County,2126 Sixes Rd,Canton,GEORGIA,30114,    ,(678)385-7322,622.00,44.00,1.00,21,21-Suburb: Large,14.14,7-Independent Charter District
1300246,GA-7820618,State Charter Schools- Coastal Plains Charter High School -,Glynn County,1111 Glynco Parkway Summit Bui,Brunswick,GEORGIA,31525,    ,(912)267-9700,1942.00,52.30,1.00,23,23-Suburb: Small,37.13,7-Independent Charter District
1300237,GA-7820617,State Charter Schools- Dubois Integrity Academy,Clayton County,6479 Church St,Riverdale,GEORGIA,30274,    ,(770)629-1534,1320.00,80.50,1.00,21,21-Suburb: Large,16.40,7-Independent Charter District
1300235,GA-7820613,State Charter Schools- Foothills Charter High School (Centr,Clarke County,2415 Jefferson Rd Ste B,Athens,GEORGIA,30607,    ,(706)795-2191,2519.00,29.60,1.00,12,12-City: Mid-size,85.10,7-Independent Charter District
1300227,GA-7820412,State Charter Schools- Georgia Connections Academy,Gwinnett County,2763 Meadow Church Rd Ste 208,Duluth,GEORGIA,30097,    ,(678)825-3258,6373.00,172.70,1.00,21,21-Suburb: Large,36.90,7-Independent Charter District
1300232,GA-7820120,State Charter Schools- Georgia Cyber Academy,Clayton County,1745 Phoenix Blvd Ste 100,Atlanta,GEORGIA,30349,    ,(404)334-4790,8876.00,653.00,1.00,21,21-Suburb: Large,13.59,7-Independent Charter District
1300238,GA-7820616,State Charter Schools- Georgia School for Innovation and th,Richmond County,5073 Storey Mill Rd,Hephzibah,GEORGIA,30815,    ,(706)434-8085,969.00,67.50,1.00,41,41-Rural: Fringe,14.36,7-Independent Charter District
1300234,GA-7820614,State Charter Schools- International Charter School of Atla,Fulton County,1335 Northmeadow Pkwy Ste 100,Roswell,GEORGIA,30076,    ,(470)222-7420,842.00,54.20,1.00,21,21-Suburb: Large,15.54,7-Independent Charter District
1300226,GA-7820612,State Charter Schools- Ivy Preparatory Academy- Inc,DeKalb County,1807 Memorial Dr SE,Atlanta,GEORGIA,30317,    ,(404)622-2727,450.00,35.10,1.00,21,21-Suburb: Large,12.82,7-Independent Charter District
1300214,GA-7820108,State Charter Schools- Mountain Education Charter High Scho,White County,1963 Tom Bell Rd,Cleveland,GEORGIA,30528,    ,(706)219-4664,2581.00,135.90,1.00,41,41-Rural: Fringe,18.99,7-Independent Charter District
1300023,GA-7820110,State Charter Schools- Odyssey Charter School,Coweta County,14 Saint John Cir,Newnan,GEORGIA,30265,    ,(770)251-6111,339.00,28.50,1.00,21,21-Suburb: Large,11.89,7-Independent Charter District
1300236,GA-7820615,State Charter Schools- Scintilla Charter Academy,Lowndes County,2171 E Park Ave,Valdosta,GEORGIA,31602,    ,(229)244-5750,721.00,56.80,1.00,41,41-Rural: Fringe,12.69,7-Independent Charter District
1300233,GA-7820121,State Charter Schools- Utopian Academy for the Arts Charter,Clayton County,2750 Forest Pkwy,Ellenwood,GEORGIA,30294,    ,(470)446-1070,390.00,25.00,1.00,21,21-Suburb: Large,15.60,7-Independent Charter District
1300254,GA-799,State Schools,Fulton County,20th Floor Twin Towers East  2,Atlanta,GEORGIA,30334,    ,(404)656-7552,303.00,91.10,3.00,21,21-Suburb: Large,3.33,5-State agency providing elementary and/or secondary level instruction
1304560,GA-727,Stephens County School District,Stephens County,Highway 106 South,Toccoa,GEORGIA,30577,    ,(706)886-9415,3840.00,281.80,6.00,41,41-Rural: Fringe,13.63,1-Regular local school district that is NOT a component of a supervisory union
1304590,GA-728,Stewart County School District,Stewart County,7168 Green Grove Road,Lumpkin,GEORGIA,31815,    ,(229)838-4329,407.00,37.00,3.00,42,42-Rural: Distant,11.00,1-Regular local school district that is NOT a component of a supervisory union
1304620,GA-729,Sumter County School District,Sumter County,100 Learning Lane,Americus,GEORGIA,31719,    ,(229)931-8500,3630.00,264.30,5.00,41,41-Rural: Fringe,13.73,1-Regular local school district that is NOT a component of a supervisory union
1304650,GA-730,Talbot County School District,Talbot County,405 Tyler Street,Talbotton,GEORGIA,31827,    ,(706)665-8528,408.00,37.00,1.00,42,42-Rural: Distant,11.03,1-Regular local school district that is NOT a component of a supervisory union
1304680,GA-731,Taliaferro County School District,Taliaferro County,557 Broad Street,Crawfordville,GEORGIA,30631,    ,(706)456-2575,187.00,26.00,1.00,43,43-Rural: Remote,7.19,1-Regular local school district that is NOT a component of a supervisory union
1304770,GA-732,Tattnall County School District,Tattnall County,147 Brazell Street,Reidsville,GEORGIA,30453,    ,(912)557-4726,3591.00,278.20,5.00,41,41-Rural: Fringe,12.91,1-Regular local school district that is NOT a component of a supervisory union
1304800,GA-733,Taylor County School District,Taylor County,229 Mulberry Street,Butler,GEORGIA,31006,    ,(912)862-5224,1229.00,105.00,4.00,43,43-Rural: Remote,11.70,1-Regular local school district that is NOT a component of a supervisory union
1304830,GA-734,Telfair County School District,Telfair County,212 W Huckabee Street,McRae,GEORGIA,31055,    ,(229)868-5661,1586.00,122.00,4.00,33,33-Town: Remote,13.00,1-Regular local school district that is NOT a component of a supervisory union
1304860,GA-735,Terrell County School District,Terrell County,761 1st Avenue,Dawson,GEORGIA,39842,    ,(229)995-4425,1035.00,71.20,3.00,41,41-Rural: Fringe,14.54,1-Regular local school district that is NOT a component of a supervisory union
1304890,GA-736,Thomas County School District,Thomas County,200 North Pinetree Blv,Thomasville,GEORGIA,31792,    ,(229)225-4380,5727.00,418.80,7.00,32,32-Town: Distant,13.67,1-Regular local school district that is NOT a component of a supervisory union
1304950,GA-789,Thomasville City School District,Thomas County,404 N. Broad Street,Thomasville,GEORGIA,31792,    ,(229)225-2600,2800.00,190.90,5.00,32,32-Town: Distant,14.67,1-Regular local school district that is NOT a component of a supervisory union
1304980,GA-737,Tift County School District,Tift County,207 North Ridge Ave,Tifton,GEORGIA,31794,    ,(229)386-6500,7661.00,528.20,11.00,32,32-Town: Distant,14.50,1-Regular local school district that is NOT a component of a supervisory union
1305040,GA-738,Toombs County School District,Toombs County,600 Bulldog Road Unit 1,Lyons,GEORGIA,30436,    ,(912)526-3141,3019.00,219.70,5.00,41,41-Rural: Fringe,13.74,1-Regular local school district that is NOT a component of a supervisory union
1305070,GA-739,Towns County School District,Towns County,67 Lakeview Circle. Suite C,Hiawassee,GEORGIA,30546,    ,(706)896-2279,1002.00,89.30,3.00,43,43-Rural: Remote,11.22,1-Regular local school district that is NOT a component of a supervisory union
1305100,GA-740,Treutlen County School District,Treutlen County,5040 South Third Street,Soperton,GEORGIA,30457,    ,(912)529-4228,1020.00,84.30,2.00,41,41-Rural: Fringe,12.10,1-Regular local school district that is NOT a component of a supervisory union
1305130,GA-791,Trion City School District,Chattooga County,239 Simmons Street,Trion,GEORGIA,30753,    ,(406)734-2363,1327.00,94.60,3.00,32,32-Town: Distant,14.03,1-Regular local school district that is NOT a component of a supervisory union
1300001,GA-741,Troup County School District,Troup County,100 North Davis Road. Bldg. C,LaGrange,GEORGIA,30241,    ,(706)812-7900,12280.00,848.30,19.00,42,42-Rural: Distant,14.48,1-Regular local school district that is NOT a component of a supervisory union
1305190,GA-742,Turner County School District,Turner County,423 N. Cleveland Street,Ashburn,GEORGIA,31714,    ,(229)567-3338,1189.00,96.90,3.00,32,32-Town: Distant,12.27,1-Regular local school district that is NOT a component of a supervisory union
1305220,GA-743,Twiggs County School District,Twiggs County,952 Main Street,Jeffersonville,GEORGIA,31044,    ,(478)945-3127,717.00,60.50,3.00,42,42-Rural: Distant,11.85,1-Regular local school district that is NOT a component of a supervisory union
1305250,GA-744,Union County School District,Union County,124 Hughes St.,Blairsville,GEORGIA,30512,    ,(706)745-2322,3024.00,220.80,5.00,43,43-Rural: Remote,13.70,1-Regular local school district that is NOT a component of a supervisory union
1305280,GA-745,Upson County School District,Upson County,205 Civic Center Drive,Thomaston,GEORGIA,30286,    ,(706)647-9621,4060.00,283.40,4.00,41,41-Rural: Fringe,14.33,1-Regular local school district that is NOT a component of a supervisory union
1305310,GA-792,Valdosta City School District,Lowndes County,1204 Williams St.,Valdosta,GEORGIA,31601,    ,(912)333-8500,8291.00,599.60,8.00,41,41-Rural: Fringe,13.83,1-Regular local school district that is NOT a component of a supervisory union
1305340,GA-793,Vidalia City School District,Toombs County,1001 North Street,Vidalia,GEORGIA,30474,    ,(912)537-7931,2366.00,171.20,4.00,33,33-Town: Remote,13.82,1-Regular local school district that is NOT a component of a supervisory union
1305370,GA-746,Walker County School District,Walker County,201 South Duke Street,LaFayette,GEORGIA,30728,    ,(706)638-1240,8401.00,692.80,15.00,41,41-Rural: Fringe,12.13,1-Regular local school district that is NOT a component of a supervisory union
1305390,GA-747,Walton County School District,Walton County,200 Double Springs Church Rd,Monroe,GEORGIA,30656,    ,(770)266-4520,14557.00,917.70,15.00,41,41-Rural: Fringe,15.86,1-Regular local school district that is NOT a component of a supervisory union
1305430,GA-748,Ware County School District,Ware County,1301 Bailey Street,Waycross,GEORGIA,31501,    ,(912)283-8656,5973.00,452.90,9.00,33,33-Town: Remote,13.19,1-Regular local school district that is NOT a component of a supervisory union
1305460,GA-749,Warren County School District,Warren County,85 Edward D. Ricketson. Jr. St,Warrenton,GEORGIA,30828,    ,(706)465-3383,662.00,61.50,3.00,42,42-Rural: Distant,10.76,1-Regular local school district that is NOT a component of a supervisory union
1305490,GA-750,Washington County School District,Washington County,501 Industrial Drive,Sandersville,GEORGIA,31082,    ,(912)552-3981,2827.00,191.60,4.00,33,33-Town: Remote,14.75,1-Regular local school district that is NOT a component of a supervisory union
1305550,GA-751,Wayne County School District,Wayne County,710 W Pine St,Jesup,GEORGIA,31545,    ,(912)427-1000,5172.00,360.30,8.00,32,32-Town: Distant,14.35,1-Regular local school district that is NOT a component of a supervisory union
1305580,GA-752,Webster County School District,Webster County,7307 Washington Street,Preston,GEORGIA,31824,    ,(229)828-3315,265.00,26.00,2.00,43,43-Rural: Remote,10.19,1-Regular local school district that is NOT a component of a supervisory union
1300011,GA-860,West Georgia RESA,Coweta County,99 Brown School Drive,Grantville,GEORGIA,30220,    ,(770)583-2528,null,26.00,0.00,31,31-Town: Fringe,-1.00,4-Regional Education Service Agency (RESA)
1305640,GA-753,Wheeler County School District,Wheeler County,18 McRae Street,Alamo,GEORGIA,30411,    ,(912)568-7198,873.00,64.80,3.00,42,42-Rural: Distant,13.47,1-Regular local school district that is NOT a component of a supervisory union
1305670,GA-754,White County School District,White County,136 Warriors Path,Cleveland,GEORGIA,30528,    ,(706)865-2315,3827.00,261.10,6.00,41,41-Rural: Fringe,14.66,1-Regular local school district that is NOT a component of a supervisory union
1305700,GA-755,Whitfield County School District,Whitfield County,1306 S. Thornton Ave.,Dalton,GEORGIA,30720,    ,(706)278-8070,12317.00,918.80,22.00,41,41-Rural: Fringe,13.41,1-Regular local school district that is NOT a component of a supervisory union
1305730,GA-756,Wilcox County School District,Wilcox County,103 North Broad Street,Abbeville,GEORGIA,31001,    ,(912)467-2141,1188.00,85.60,3.00,43,43-Rural: Remote,13.88,1-Regular local school district that is NOT a component of a supervisory union
1305760,GA-757,Wilkes County School District,Wilkes County,313-A North Alexander Avenue,Washington,GEORGIA,30673,    ,(706)678-2718,1265.00,95.20,4.00,41,41-Rural: Fringe,13.29,1-Regular local school district that is NOT a component of a supervisory union
1305790,GA-758,Wilkinson County School District,Wilkinson County,197 West Main Street,Irwinton,GEORGIA,31042,    ,(478)946-5521,1119.00,83.90,4.00,42,42-Rural: Distant,13.34,1-Regular local school district that is NOT a component of a supervisory union
1305850,GA-759,Worth County School District,Worth County,103 Eldridge Street,Sylvester,GEORGIA,31791,    ,(229)776-8600,3118.00,201.10,5.00,32,32-Town: Distant,15.50,1-Regular local school district that is NOT a component of a supervisory union
,,,,,,,,,,,,,,,,
,,,,,,,,,,,,,,,,
,,,,,,,,,,,,,,,,
,,,,,,,,,,,,,,,,
