SysSchoolID,School Name,Composite All Students,Composite Asian-American/Pacific Islander,Composite African-American/Black,Composite Female,Composite Puerto Rican/Cuban/Other Hispanic,Composite Male,Composite American Indian/Alaskan Native,Composite Caucasian-American/White,Composite Mexican-Amierican/Chicano/Latino,English All Students,English Asian-American/Pacific Islander,English African-American/Black,English Female,English Puerto Rican/Cuban/Other Hispanic,English Male,English American Indian/Alaskan Native,English Caucasian-American/White,English Mexican-Amierican/Chicano/Latino,Mathematics All Students,Mathematics Asian-American/Pacific Islander,Mathematics African-American/Black,Mathematics Female,Mathematics Puerto Rican/Cuban/Other Hispanic,Mathematics Male,Mathematics American Indian/Alaskan Native,Mathematics Caucasian-American/White,Mathematics  Mexican-Amierican/Chicano/Latino,Reading All Students,Reading Asian-American/Pacific Islander,Reading African-American/Black,Reading Female,Reading Puerto Rican/Cuban/Other Hispanic,Reading Male,Reading American Indian/Alaskan Native,Reading Caucasian-American/White,Reading  Mexican-Amierican/Chicano/Latino,Science Reasoning All Students,Science Reasoning Asian-American/Pacific Islander,Science Reasoning African-American/Black,Science Reasoning Female,Science Reasoning Puerto Rican/Cuban/Other Hispanic,Science Reasoning Male,Science Reasoning American Indian/Alaskan Native,Science Reasoning Caucasian-American/White,Science Reasoning  Mexican-Amierican/Chicano/Latino,All Students Number Tested,Asian-American/Pacific Islander Number Tested,African-American/Black Number Tested,Female Number Tested,Puerto Rican/Cuban/Other Hispanic Number Tested,Male Number Tested,American Indian/Alaskan Native Number Tested,Caucasian-American/White Number Tested,Mexican-Amierican/Chicano/Latino Number Tested
601:2050,Appling County High School,17.4, , , , , , , , ,16.3, , , , , , , , ,17.6, , , , , , , , ,17.3, , , , , , , , ,17.7, , , , , , , , ,23, , , , , , , , 
601:All,Appling County,17.4, , , , , , , , ,16.3, , , , , , , , ,17.6, , , , , , , , ,17.3, , , , , , , , ,17.7, , , , , , , , ,23, , , , , , , , 
602:103,Atkinson County High School, , , , , , , , , , , , , , , , , , , , , , , , , , , , , , , , , , , , , , , , , , , , , ,4, , , , , , , , 
602:All,Atkinson County, , , , , , , , , , , , , , , , , , , , , , , , , , , , , , , , , , , , , , , , , , , , , ,4, , , , , , , , 
603:302,Bacon County High School,16.2, , , , , , , , ,14.8, , , , , , , , ,16.2, , , , , , , , ,15.8, , , , , , , , ,17.8, , , , , , , , ,5, , , , , , , , 
603:All,Bacon County,16.2, , , , , , , , ,14.8, , , , , , , , ,16.2, , , , , , , , ,15.8, , , , , , , , ,17.8, , , , , , , , ,5, , , , , , , , 
605:189,Baldwin High School,17.2, , , , , , , , ,16, , , , , , , , ,17.7, , , , , , , , ,16.8, , , , , , , , ,17.9, , , , , , , , ,62, , , , , , , , 
605:All,Baldwin County,17.2, , , , , , , , ,16, , , , , , , , ,17.7, , , , , , , , ,16.8, , , , , , , , ,17.9, , , , , , , , ,62, , , , , , , , 
606:199,Banks County High School,20.1, , , , , , , , ,19.4, , , , , , , , ,18.7, , , , , , , , ,21.4, , , , , , , , ,20.4, , , , , , , , ,25, , , , , , , , 
606:All,Banks County,20.1, , , , , , , , ,19.4, , , , , , , , ,18.7, , , , , , , , ,21.4, , , , , , , , ,20.4, , , , , , , , ,25, , , , , , , , 
607:101,Apalachee High School,17.5, , , , , , , , ,16.9, , , , , , , , ,17, , , , , , , , ,18.4, , , , , , , , ,17.4, , , , , , , , ,24, , , , , , , , 
607:3052,Winder-Barrow High School,18.8, , , , , , , , ,18.7, , , , , , , , ,18.4, , , , , , , , ,19, , , , , , , , ,19, , , , , , , , ,29, , , , , , , , 
607:All,Barrow County,18.2, , , , , , , , ,17.9, , , , , , , , ,17.8, , , , , , , , ,18.7, , , , , , , , ,18.3, , , , , , , , ,53, , , , , , , , 
608:105,Adairsville High School,17.9, , , , , , , , ,16.8, , , , , , , , ,17.6, , , , , , , , ,18.6, , , , , , , , ,18.2, , , , , , , , ,20, , , , , , , , 
608:198,Woodland High School,20.2, , , , , , , , ,19.7, , , , , , , , ,19.5, , , , , , , , ,20.8, , , , , , , , ,20.3, , , , , , , , ,52, , , , , , , , 
608:577,Cass High School,18.1, , , , , , , , ,16.8, , , , , , , , ,18.2, , , , , , , , ,18.1, , , , , , , , ,18.7, , , , , , , , ,34, , , , , , , , 
608:All,Bartow County,19.1, , , , , , , , ,18.2, , , , , , , , ,18.7, , , , , , , , ,19.5, , , , , , , , ,19.4, , , , , , , , ,106, , , , , , , , 
609:291,Fitzgerald High School,17, , , , , , , , ,15.4, , , , , , , , ,16.5, , , , , , , , ,17.5, , , , , , , , ,17.8, , , , , , , , ,24, , , , , , , , 
609:All,Ben Hill County,17, , , , , , , , ,15.4, , , , , , , , ,16.5, , , , , , , , ,17.5, , , , , , , , ,17.8, , , , , , , , ,24, , , , , , , , 
610:101,Berrien High School,17.2, , , , , , , , ,16.1, , , , , , , , ,16.8, , , , , , , , ,17.6, , , , , , , , ,17.6, , , , , , , , ,9, , , , , , , , 
610:All,Berrien County,17.2, , , , , , , , ,16.1, , , , , , , , ,16.8, , , , , , , , ,17.6, , , , , , , , ,17.6, , , , , , , , ,9, , , , , , , , 
611:186,Central High School,18.8, , , , , , , , ,18.4, , , , , , , , ,18.4, , , , , , , , ,19.3, , , , , , , , ,18.7, , , , , , , , ,86, , , , , , , , 
611:198,Westside High,18.8, , , , , , , , ,17.8, , , , , , , , ,18.3, , , , , , , , ,19.4, , , , , , , , ,18.8, , , , , , , , ,52, , , , , , , , 
611:204,Rutland High School,18.4, , , , , , , , ,16.9, , , , , , , , ,18.2, , , , , , , , ,19.4, , , , , , , , ,18.6, , , , , , , , ,14, , , , , , , , 
611:286,Northeast High School,16.2, , , , , , , , ,16, , , , , , , , ,16.4, , , , , , , , ,16, , , , , , , , ,16.4, , , , , , , , ,22, , , , , , , , 
611:386,Southwest High School,15.4, , , , , , , , ,14.5, , , , , , , , ,15.4, , , , , , , , ,15.2, , , , , , , , ,15.8, , , , , , , , ,19, , , , , , , , 
611:All,Bibb County,18.2, , , , , , , , ,17.5, , , , , , , , ,17.8, , , , , , , , ,18.6, , , , , , , , ,18.2, , , , , , , , ,194, , , , , , , , 
612:377,Bleckley County High School,19.1, , , , , , , , ,19.4, , , , , , , , ,19.2, , , , , , , , ,18.8, , , , , , , , ,18.5, , , , , , , , ,17, , , , , , , , 
612:All,Bleckley County,19.1, , , , , , , , ,19.4, , , , , , , , ,19.2, , , , , , , , ,18.8, , , , , , , , ,18.5, , , , , , , , ,17, , , , , , , , 
613:1050,Brantley County High School,19.3, , , , , , , , ,18.5, , , , , , , , ,18.3, , , , , , , , ,19.3, , , , , , , , ,20.2, , , , , , , , ,12, , , , , , , , 
613:All,Brantley County,19.3, , , , , , , , ,18.5, , , , , , , , ,18.3, , , , , , , , ,19.3, , , , , , , , ,20.2, , , , , , , , ,12, , , , , , , , 
614:2050,Brooks County High School,15.6, , , , , , , , ,14, , , , , , , , ,16.1, , , , , , , , ,15.4, , , , , , , , ,16.6, , , , , , , , ,14, , , , , , , , 
614:All,Brooks County,15.6, , , , , , , , ,14, , , , , , , , ,16.1, , , , , , , , ,15.4, , , , , , , , ,16.6, , , , , , , , ,14, , , , , , , , 
615:182,Richmond Hill High School,22.1, , , , , , , , ,21.4, , , , , , , , ,21.9, , , , , , , , ,22.7, , , , , , , , ,21.9, , , , , , , , ,29, , , , , , , , 
615:502,Bryan County High School,19, , , , , , , , ,19, , , , , , , , ,18.7, , , , , , , , ,17.8, , , , , , , , ,19.7, , , , , , , , ,6, , , , , , , , 
615:All,Bryan County,21.6, , , , , , , , ,21, , , , , , , , ,21.3, , , , , , , , ,21.9, , , , , , , , ,21.5, , , , , , , , ,35, , , , , , , , 
616:2054,Statesboro High School,19.1, , , , , , , , ,18.8, , , , , , , , ,18.9, , , , , , , , ,19.3, , , , , , , , ,18.9, , , , , , , , ,105, , , , , , , , 
616:4052,Portal Middle/High School,17.3, , , , , , , , ,17, , , , , , , , ,17.3, , , , , , , , ,17.6, , , , , , , , ,16.9, , , , , , , , ,15, , , , , , , , 
616:5052,Southeast Bulloch High School,20.3, , , , , , , , ,19.8, , , , , , , , ,20.2, , , , , , , , ,20.9, , , , , , , , ,19.6, , , , , , , , ,29, , , , , , , , 
616:All,Bulloch County,19.2, , , , , , , , ,18.8, , , , , , , , ,19, , , , , , , , ,19.5, , , , , , , , ,18.9, , , , , , , , ,149, , , , , , , , 
617:288,Burke County High School,17.2, , , , , , , , ,15.7, , , , , , , , ,17.6, , , , , , , , ,17.4, , , , , , , , ,17.3, , , , , , , , ,12, , , , , , , , 
617:All,Burke County,17.2, , , , , , , , ,15.7, , , , , , , , ,17.6, , , , , , , , ,17.4, , , , , , , , ,17.3, , , , , , , , ,12, , , , , , , , 
618:190,Jackson High School,17.4, , , , , , , , ,16.9, , , , , , , , ,16.8, , , , , , , , ,18.4, , , , , , , , ,17.4, , , , , , , , ,25, , , , , , , , 
618:All,Butts County,17.4, , , , , , , , ,16.9, , , , , , , , ,16.8, , , , , , , , ,18.4, , , , , , , , ,17.4, , , , , , , , ,25, , , , , , , , 
619:4050,Calhoun County Middle/High School, , , , , , , , , , , , , , , , , , , , , , , , , , , , , , , , , , , , , , , , , , , , , ,3, , , , , , , , 
619:All,Calhoun County, , , , , , , , , , , , , , , , , , , , , , , , , , , , , , , , , , , , , , , , , , , , , ,3, , , , , , , , 
620:295,Camden County High School,20.9, , , , , , , , ,20.1, , , , , , , , ,20.5, , , , , , , , ,21.5, , , , , , , , ,21.1, , , , , , , , ,86, , , , , , , , 
620:All,Camden County,20.9, , , , , , , , ,20.1, , , , , , , , ,20.5, , , , , , , , ,21.5, , , , , , , , ,21.1, , , , , , , , ,86, , , , , , , , 
621:101,Metter High School ,19, , , , , , , , ,20.4, , , , , , , , ,18.4, , , , , , , , ,18.1, , , , , , , , ,19.4, , , , , , , , ,8, , , , , , , , 
621:All,Candler County,19, , , , , , , , ,20.4, , , , , , , , ,18.4, , , , , , , , ,18.1, , , , , , , , ,19.4, , , , , , , , ,8, , , , , , , , 
622:189,Temple High School,17.5, , , , , , , , ,16.2, , , , , , , , ,17, , , , , , , , ,18.3, , , , , , , , ,17.9, , , , , , , , ,29, , , , , , , , 
622:190,Open Campus High School, , , , , , , , , , , , , , , , , , , , , , , , , , , , , , , , , , , , , , , , , , , , , ,1, , , , , , , , 
622:2052,Central High School,18.2, , , , , , , , ,17.4, , , , , , , , ,18.1, , , , , , , , ,18, , , , , , , , ,18.8, , , , , , , , ,45, , , , , , , , 
622:276,Mount Zion High School,17, , , , , , , , ,16, , , , , , , , ,17.4, , , , , , , , ,17.8, , , , , , , , ,15.6, , , , , , , , ,5, , , , , , , , 
622:3050,Bowdon High School,19.6, , , , , , , , ,19.6, , , , , , , , ,18.5, , , , , , , , ,20.4, , , , , , , , ,19.4, , , , , , , , ,31, , , , , , , , 
622:5054,Villa Rica High School,18.7, , , , , , , , ,17.9, , , , , , , , ,18.3, , , , , , , , ,18.5, , , , , , , , ,19.2, , , , , , , , ,56, , , , , , , , 
622:All,Carroll County,18.4, , , , , , , , ,17.7, , , , , , , , ,18, , , , , , , , ,18.7, , , , , , , , ,18.8, , , , , , , , ,167, , , , , , , , 
623:1052,Lakeview-Fort Oglethorpe High School,19.5, , , , , , , , ,18.8, , , , , , , , ,18.6, , , , , , , , ,20.2, , , , , , , , ,19.9, , , , , , , , ,75, , , , , , , , 
623:4052,Ringgold High School,20.8, , , , , , , , ,20.4, , , , , , , , ,20.3, , , , , , , , ,21.5, , , , , , , , ,20.6, , , , , , , , ,70, , , , , , , , 
623:All,Catoosa County,20.2, , , , , , , , ,19.6, , , , , , , , ,19.4, , , , , , , , ,20.8, , , , , , , , ,20.3, , , , , , , , ,145, , , , , , , , 
624:287,Charlton County High School,16.5, , , , , , , , ,14, , , , , , , , ,17.1, , , , , , , , ,16.3, , , , , , , , ,18, , , , , , , , ,10, , , , , , , , 
624:All,Charlton County,16.5, , , , , , , , ,14, , , , , , , , ,17.1, , , , , , , , ,16.3, , , , , , , , ,18, , , , , , , , ,10, , , , , , , , 
625:101,Johnson High School,17.3, , , , , , , , ,16.6, , , , , , , , ,17.4, , , , , , , , ,17.2, , , , , , , , ,17.9, , , , , , , , ,49, , , , , , , , 
625:2052,Beach High School,15.2, , , , , , , , ,13.7, , , , , , , , ,15.5, , , , , , , , ,14.8, , , , , , , , ,16.4, , , , , , , , ,51, , , , , , , , 
625:3056,Groves High School,17.4, , , , , , , , ,16.6, , , , , , , , ,17.6, , , , , , , , ,16.9, , , , , , , , ,17.8, , , , , , , , ,34, , , , , , , , 
625:399,Savannah High School,15.1, , , , , , , , ,14.2, , , , , , , , ,15.7, , , , , , , , ,14.7, , , , , , , , ,15.5, , , , , , , , ,30, , , , , , , , 
625:499,Savannah Arts Academy,20.2, , , , , , , , ,20.3, , , , , , , , ,19.1, , , , , , , , ,21, , , , , , , , ,19.4, , , , , , , , ,57, , , , , , , , 
625:5060,Jenkins High School,18.3, , , , , , , , ,18, , , , , , , , ,18, , , , , , , , ,18.2, , , , , , , , ,18.7, , , , , , , , ,69, , , , , , , , 
625:5070,Windsor Forest High School,18.5, , , , , , , , ,17.8, , , , , , , , ,18.4, , , , , , , , ,18.5, , , , , , , , ,18.7, , , , , , , , ,63, , , , , , , , 
625:All,Chatham County,17.7, , , , , , , , ,17.1, , , , , , , , ,17.6, , , , , , , , ,17.6, , , , , , , , ,18, , , , , , , , ,354, , , , , , , , 
627:1050,Chattooga High School,18.3, , , , , , , , ,17.3, , , , , , , , ,18.9, , , , , , , , ,18.4, , , , , , , , ,18.4, , , , , , , , ,18, , , , , , , , 
627:All,Chattooga County,18.3, , , , , , , , ,17.3, , , , , , , , ,18.9, , , , , , , , ,18.4, , , , , , , , ,18.4, , , , , , , , ,18, , , , , , , , 
628:176,Etowah High School,21.1, , , , , , , , ,20.9, , , , , , , , ,20.7, , , , , , , , ,21.1, , , , , , , , ,21.1, , , , , , , , ,204, , , , , , , , 
628:191,Sequoyah High School,21.6, , , , , , , , ,21, , , , , , , , ,22, , , , , , , , ,21.6, , , , , , , , ,21.3, , , , , , , , ,109, , , , , , , , 
628:194,Polaris Evening School,18.8, , , , , , , , ,19.2, , , , , , , , ,17.4, , , , , , , , ,20, , , , , , , , ,17.6, , , , , , , , ,5, , , , , , , , 
628:197,Woodstock High School,20.3, , , , , , , , ,19.6, , , , , , , , ,20.3, , , , , , , , ,20.8, , , , , , , , ,20.1, , , , , , , , ,106, , , , , , , , 
628:5050,Cherokee High School,20.7, , , , , , , , ,20.5, , , , , , , , ,20.1, , , , , , , , ,21, , , , , , , , ,20.6, , , , , , , , ,144, , , , , , , , 
628:All,Cherokee County,20.9, , , , , , , , ,20.6, , , , , , , , ,20.7, , , , , , , , ,21.1, , , , , , , , ,20.8, , , , , , , , ,569, , , , , , , , 
629:102,Cedar Shoals High School,20.6, , , , , , , , ,19.5, , , , , , , , ,20.5, , , , , , , , ,21, , , , , , , , ,20.5, , , , , , , , ,68, , , , , , , , 
629:5556,Clarke Central High School,17.9, , , , , , , , ,17.1, , , , , , , , ,18.6, , , , , , , , ,17.6, , , , , , , , ,17.9, , , , , , , , ,79, , , , , , , , 
629:All,Clarke County,19.1, , , , , , , , ,18.2, , , , , , , , ,19.5, , , , , , , , ,19.2, , , , , , , , ,19.1, , , , , , , , ,147, , , , , , , , 
631:104,Mundy's Mill High School,17.2, , , , , , , , ,16.2, , , , , , , , ,17.5, , , , , , , , ,17.2, , , , , , , , ,17.1, , , , , , , , ,111, , , , , , , , 
631:1054,Forest Park High School,16.6, , , , , , , , ,15.4, , , , , , , , ,16.4, , , , , , , , ,15.8, , , , , , , , ,18.1, , , , , , , , ,14, , , , , , , , 
631:1056,Jonesboro High School,19.2, , , , , , , , ,18.5, , , , , , , , ,19.3, , , , , , , , ,18.6, , , , , , , , ,19.6, , , , , , , , ,65, , , , , , , , 
631:190,Lovejoy High School,18.3, , , , , , , , ,17.5, , , , , , , , ,18.2, , , , , , , , ,18.4, , , , , , , , ,18.6, , , , , , , , ,124, , , , , , , , 
631:2052,North Clayton High School,17.8, , , , , , , , ,17.3, , , , , , , , ,17.3, , , , , , , , ,18.4, , , , , , , , ,17.7, , , , , , , , ,56, , , , , , , , 
631:290,Mount Zion High School,17.2, , , , , , , , ,15.8, , , , , , , , ,17.5, , , , , , , , ,16.8, , , , , , , , ,18.3, , , , , , , , ,98, , , , , , , , 
631:377,Riverdale High School,17.5, , , , , , , , ,17.1, , , , , , , , ,17.4, , , , , , , , ,17.3, , , , , , , , ,17.8, , , , , , , , ,120, , , , , , , , 
631:4058,Morrow High School,17.5, , , , , , , , ,15.9, , , , , , , , ,18.3, , , , , , , , ,16.9, , , , , , , , ,18.5, , , , , , , , ,38, , , , , , , , 
631:All,Clayton County,17.7, , , , , , , , ,16.9, , , , , , , , ,17.8, , , , , , , , ,17.6, , , , , , , , ,18.1, , , , , , , , ,626, , , , , , , , 
632:1050,Clinch County High School, , , , , , , , , , , , , , , , , , , , , , , , , , , , , , , , , , , , , , , , , , , , , ,3, , , , , , , , 
632:All,Clinch County, , , , , , , , , , , , , , , , , , , , , , , , , , , , , , , , , , , , , , , , , , , , , ,3, , , , , , , , 
633:101,Kennesaw Mountain High School,22.5, , , , , , , , ,22, , , , , , , , ,22.4, , , , , , , , ,22.9, , , , , , , , ,22, , , , , , , , ,215, , , , , , , , 
633:103,Kell High School,20.8, , , , , , , , ,20.5, , , , , , , , ,20.4, , , , , , , , ,21.2, , , , , , , , ,20.7, , , , , , , , ,120, , , , , , , , 
633:1054,Campbell High School,19, , , , , , , , ,18.8, , , , , , , , ,18.7, , , , , , , , ,19.2, , , , , , , , ,18.7, , , , , , , , ,147, , , , , , , , 
633:1064,McEachern High School,20.6, , , , , , , , ,20.2, , , , , , , , ,20.5, , , , , , , , ,20.8, , , , , , , , ,20.3, , , , , , , , ,162, , , , , , , , 
633:1069,Wheeler High School,22.5, , , , , , , , ,22, , , , , , , , ,23, , , , , , , , ,22.6, , , , , , , , ,22.1, , , , , , , , ,86, , , , , , , , 
633:175,Walton High School,23.7, , , , , , , , ,23.2, , , , , , , , ,24, , , , , , , , ,24.3, , , , , , , , ,22.7, , , , , , , , ,149, , , , , , , , 
633:186,Oakwood High School, , , , , , , , , , , , , , , , , , , , , , , , , , , , , , , , , , , , , , , , , , , , , ,4, , , , , , , , 
633:188,Pope High School,22.9, , , , , , , , ,22.8, , , , , , , , ,22.6, , , , , , , , ,23.4, , , , , , , , ,22.3, , , , , , , , ,215, , , , , , , , 
633:192,Harrison High School,21.7, , , , , , , , ,21.5, , , , , , , , ,21.8, , , , , , , , ,22, , , , , , , , ,21.1, , , , , , , , ,154, , , , , , , , 
633:2056,North Cobb High School,20.8, , , , , , , , ,20.6, , , , , , , , ,20.3, , , , , , , , ,21.4, , , , , , , , ,20.5, , , , , , , , ,131, , , , , , , , 
633:2066,Osborne High School,16.7, , , , , , , , ,15.6, , , , , , , , ,16.7, , , , , , , , ,16.9, , , , , , , , ,17.1, , , , , , , , ,52, , , , , , , , 
633:3056,South Cobb High School,19.3, , , , , , , , ,18.7, , , , , , , , ,19, , , , , , , , ,19.8, , , , , , , , ,19, , , , , , , , ,125, , , , , , , , 
633:373,Sprayberry High School,20.3, , , , , , , , ,19.8, , , , , , , , ,20.3, , , , , , , , ,20.5, , , , , , , , ,20.3, , , , , , , , ,78, , , , , , , , 
633:381,Lassiter High School,23.2, , , , , , , , ,22.8, , , , , , , , ,24.1, , , , , , , , ,23.1, , , , , , , , ,22.3, , , , , , , , ,136, , , , , , , , 
633:4066,Pebblebrook High School,17.5, , , , , , , , ,16.3, , , , , , , , ,17.3, , , , , , , , ,17.6, , , , , , , , ,18.3, , , , , , , , ,49, , , , , , , , 
633:All,Cobb County,21.3, , , , , , , , ,20.9, , , , , , , , ,21.3, , , , , , , , ,21.6, , , , , , , , ,20.9, , , , , , , , ,1823, , , , , , , , 
634:195,Coffee County High School,17.5, , , , , , , , ,17.3, , , , , , , , ,16.9, , , , , , , , ,17.7, , , , , , , , ,17.8, , , , , , , , ,38, , , , , , , , 
634:All,Coffee County,17.5, , , , , , , , ,17.3, , , , , , , , ,16.9, , , , , , , , ,17.7, , , , , , , , ,17.8, , , , , , , , ,38, , , , , , , , 
635:1554,Colquitt County High School,18.1, , , , , , , , ,17.1, , , , , , , , ,17.9, , , , , , , , ,18.2, , , , , , , , ,18.9, , , , , , , , ,61, , , , , , , , 
635:All,Colquitt County,18.1, , , , , , , , ,17.1, , , , , , , , ,17.9, , , , , , , , ,18.2, , , , , , , , ,18.9, , , , , , , , ,61, , , , , , , , 
636:183,Harlem High School,20.7, , , , , , , , ,20.2, , , , , , , , ,19.8, , , , , , , , ,20.7, , , , , , , , ,20.9, , , , , , , , ,23, , , , , , , , 
636:189,Lakeside High School,22.3, , , , , , , , ,21.5, , , , , , , , ,22.8, , , , , , , , ,22.4, , , , , , , , ,21.6, , , , , , , , ,60, , , , , , , , 
636:197,Greenbrier High School,21.1, , , , , , , , ,20.1, , , , , , , , ,21.8, , , , , , , , ,20.9, , , , , , , , ,20.9, , , , , , , , ,64, , , , , , , , 
636:4050,Evans High School,20.5, , , , , , , , ,20.7, , , , , , , , ,20, , , , , , , , ,20.4, , , , , , , , ,20.5, , , , , , , , ,28, , , , , , , , 
636:All,Columbia County,21.4, , , , , , , , ,20.7, , , , , , , , ,21.6, , , , , , , , ,21.3, , , , , , , , ,21.1, , , , , , , , ,175, , , , , , , , 
637:2050,Cook County High School,16.9, , , , , , , , ,16.5, , , , , , , , ,17, , , , , , , , ,16.8, , , , , , , , ,17.3, , , , , , , , ,24, , , , , , , , 
637:All,Cook County,16.9, , , , , , , , ,16.5, , , , , , , , ,17, , , , , , , , ,16.8, , , , , , , , ,17.3, , , , , , , , ,24, , , , , , , , 
638:196,Northgate High School,19.1, , , , , , , , ,18.3, , , , , , , , ,19, , , , , , , , ,19.3, , , , , , , , ,19.3, , , , , , , , ,82, , , , , , , , 
638:389,East Coweta High School,18.9, , , , , , , , ,17.9, , , , , , , , ,18.7, , , , , , , , ,19.6, , , , , , , , ,19, , , , , , , , ,135, , , , , , , , 
638:5054,Newnan High School,19.3, , , , , , , , ,19, , , , , , , , ,19, , , , , , , , ,19.7, , , , , , , , ,19, , , , , , , , ,118, , , , , , , , 
638:All,Coweta County,19.1, , , , , , , , ,18.4, , , , , , , , ,18.9, , , , , , , , ,19.6, , , , , , , , ,19.1, , , , , , , , ,337, , , , , , , , 
639:193,Crawford County High School,16.6, , , , , , , , ,16.4, , , , , , , , ,15.4, , , , , , , , ,17, , , , , , , , ,16.8, , , , , , , , ,5, , , , , , , , 
639:All,Crawford County,16.6, , , , , , , , ,16.4, , , , , , , , ,15.4, , , , , , , , ,17, , , , , , , , ,16.8, , , , , , , , ,5, , , , , , , , 
640:196,Crisp County High School,17.4, , , , , , , , ,16.4, , , , , , , , ,17.6, , , , , , , , ,16.2, , , , , , , , ,19.2, , , , , , , , ,12, , , , , , , , 
640:All,Crisp County,17.4, , , , , , , , ,16.4, , , , , , , , ,17.6, , , , , , , , ,16.2, , , , , , , , ,19.2, , , , , , , , ,12, , , , , , , , 
641:195,Dade County High School,21.3, , , , , , , , ,21.4, , , , , , , , ,20.7, , , , , , , , ,22, , , , , , , , ,20.9, , , , , , , , ,37, , , , , , , , 
641:All,Dade County,21.3, , , , , , , , ,21.4, , , , , , , , ,20.7, , , , , , , , ,22, , , , , , , , ,20.9, , , , , , , , ,37, , , , , , , , 
642:198,Dawson County High School  ,19.3, , , , , , , , ,19.8, , , , , , , , ,19, , , , , , , , ,18.9, , , , , , , , ,18.8, , , , , , , , ,19, , , , , , , , 
642:All,Dawson County,19.3, , , , , , , , ,19.8, , , , , , , , ,19, , , , , , , , ,18.9, , , , , , , , ,18.8, , , , , , , , ,19, , , , , , , , 
643:3050,Bainbridge High School,18.5, , , , , , , , ,18.5, , , , , , , , ,18.3, , , , , , , , ,18, , , , , , , , ,18.5, , , , , , , , ,68, , , , , , , , 
643:All,Decatur County,18.5, , , , , , , , ,18.5, , , , , , , , ,18.3, , , , , , , , ,18, , , , , , , , ,18.5, , , , , , , , ,68, , , , , , , , 
644:103,"Martin Luther King, Jr. High School ",16.7, , , , , , , , ,15.8, , , , , , , , ,16.7, , , , , , , , ,16.8, , , , , , , , ,16.9, , , , , , , , ,127, , , , , , , , 
644:1051,Avondale High School,16.2, , , , , , , , ,14.9, , , , , , , , ,16.3, , , , , , , , ,16.5, , , , , , , , ,16.7, , , , , , , , ,43, , , , , , , , 
644:1070,Tucker High School,19.1, , , , , , , , ,17.7, , , , , , , , ,19, , , , , , , , ,19.8, , , , , , , , ,19.5, , , , , , , , ,81, , , , , , , , 
644:172,Cedar Grove High School,16.3, , , , , , , , ,15.8, , , , , , , , ,16.1, , , , , , , , ,16.1, , , , , , , , ,16.9, , , , , , , , ,92, , , , , , , , 
644:176,Redan High School,16.4, , , , , , , , ,15.9, , , , , , , , ,16.5, , , , , , , , ,16.6, , , , , , , , ,16.2, , , , , , , , ,94, , , , , , , , 
644:199,DeKalb Alternative Night School, , , , , , , , , , , , , , , , , , , , , , , , , , , , , , , , , , , , , , , , , , , , , ,1, , , , , , , , 
644:202,Lithonia High School,16.4, , , , , , , , ,15.9, , , , , , , , ,16.2, , , , , , , , ,16.5, , , , , , , , ,16.1, , , , , , , , ,85, , , , , , , , 
644:2054,Columbia High School,16.4, , , , , , , , ,15.6, , , , , , , , ,16.3, , , , , , , , ,16.1, , , , , , , , ,16.9, , , , , , , , ,61, , , , , , , , 
644:2055,Druid Hills High School,20.5, , , , , , , , ,20.3, , , , , , , , ,19.9, , , , , , , , ,20.8, , , , , , , , ,20.5, , , , , , , , ,125, , , , , , , , 
644:276,Stone Mountain High School,16.8, , , , , , , , ,16.2, , , , , , , , ,16.7, , , , , , , , ,16.6, , , , , , , , ,17.5, , , , , , , , ,59, , , , , , , , 
644:3060,Lakeside High School,22.8, , , , , , , , ,22.5, , , , , , , , ,22.9, , , , , , , , ,23.2, , , , , , , , ,22, , , , , , , , ,109, , , , , , , , 
644:3070,McNair High School,15.6, , , , , , , , ,14.3, , , , , , , , ,15.8, , , , , , , , ,15.6, , , , , , , , ,16.3, , , , , , , , ,44, , , , , , , , 
644:400,DeKalb School of the Arts,19.7, , , , , , , , ,19.8, , , , , , , , ,18.2, , , , , , , , ,22.1, , , , , , , , ,18.3, , , , , , , , ,21, , , , , , , , 
644:4053,Clarkston High School,16.7, , , , , , , , ,16.1, , , , , , , , ,17, , , , , , , , ,16, , , , , , , , ,16.9, , , , , , , , ,21, , , , , , , , 
644:4054,Cross Keys High School,17.2, , , , , , , , ,16.3, , , , , , , , ,17.6, , , , , , , , ,17.2, , , , , , , , ,17.4, , , , , , , , ,52, , , , , , , , 
644:4069,Towers High School,15.9, , , , , , , , ,15, , , , , , , , ,15.6, , , , , , , , ,16.4, , , , , , , , ,15.8, , , , , , , , ,47, , , , , , , , 
644:497,Stephenson High School,17.6, , , , , , , , ,17.1, , , , , , , , ,17.5, , , , , , , , ,17.5, , , , , , , , ,17.7, , , , , , , , ,171, , , , , , , , 
644:5052,Chamblee High School,22.6, , , , , , , , ,22.1, , , , , , , , ,22, , , , , , , , ,23.6, , , , , , , , ,21.8, , , , , , , , ,109, , , , , , , , 
644:5055,Dunwoody High School,21.6, , , , , , , , ,21.6, , , , , , , , ,21.2, , , , , , , , ,22, , , , , , , , ,21.2, , , , , , , , ,99, , , , , , , , 
644:5067,Southwest DeKalb High School,18.4, , , , , , , , ,18.3, , , , , , , , ,18.1, , , , , , , , ,18.7, , , , , , , , ,18.2, , , , , , , , ,84, , , , , , , , 
644:775,Open Campus High School,16, , , , , , , , ,15.1, , , , , , , , ,15.4, , , , , , , , ,16.9, , , , , , , , ,15.9, , , , , , , , ,21, , , , , , , , 
644:All,DeKalb County,18.4, , , , , , , , ,17.8, , , , , , , , ,18.2, , , , , , , , ,18.6, , , , , , , , ,18.4, , , , , , , , ,1546, , , , , , , , 
645:3050,Dodge County High School,19.7, , , , , , , , ,20.2, , , , , , , , ,19.4, , , , , , , , ,19.5, , , , , , , , ,19.2, , , , , , , , ,32, , , , , , , , 
645:All,Dodge County,19.7, , , , , , , , ,20.2, , , , , , , , ,19.4, , , , , , , , ,19.5, , , , , , , , ,19.2, , , , , , , , ,32, , , , , , , , 
646:182,Dooly County High School,15.9, , , , , , , , ,14.1, , , , , , , , ,16.6, , , , , , , , ,16.6, , , , , , , , ,15.8, , , , , , , , ,8, , , , , , , , 
646:All,Dooly County,15.9, , , , , , , , ,14.1, , , , , , , , ,16.6, , , , , , , , ,16.6, , , , , , , , ,15.8, , , , , , , , ,8, , , , , , , , 
647:1050,Albany High School,20.1, , , , , , , , ,19.3, , , , , , , , ,19.3, , , , , , , , ,22.2, , , , , , , , ,19.1, , , , , , , , ,9, , , , , , , , 
647:1058,Monroe High School,16.1, , , , , , , , ,15.1, , , , , , , , ,15.9, , , , , , , , ,15.5, , , , , , , , ,17.1, , , , , , , , ,17, , , , , , , , 
647:2052,Dougherty Comprehensive High School,16.9, , , , , , , , ,16.2, , , , , , , , ,16.5, , , , , , , , ,17.8, , , , , , , , ,16.5, , , , , , , , ,27, , , , , , , , 
647:4062,Westover High School,18.8, , , , , , , , ,18.3, , , , , , , , ,18.9, , , , , , , , ,18.7, , , , , , , , ,18.6, , , , , , , , ,34, , , , , , , , 
647:All,Dougherty County,17.8, , , , , , , , ,17.1, , , , , , , , ,17.6, , , , , , , , ,18.1, , , , , , , , ,17.7, , , , , , , , ,87, , , , , , , , 
648:100,Chapel Hill High School,19.4, , , , , , , , ,19.1, , , , , , , , ,18.9, , , , , , , , ,19.6, , , , , , , , ,19.3, , , , , , , , ,128, , , , , , , , 
648:175,Lithia Springs Comprehensive High School,17.4, , , , , , , , ,16.1, , , , , , , , ,17.5, , , , , , , , ,17, , , , , , , , ,18.3, , , , , , , , ,61, , , , , , , , 
648:187,Alexander High School,20.2, , , , , , , , ,19.7, , , , , , , , ,19.5, , , , , , , , ,20.8, , , , , , , , ,20.6, , , , , , , , ,90, , , , , , , , 
648:4050,Douglas County High School,18.2, , , , , , , , ,17.1, , , , , , , , ,17.7, , , , , , , , ,18.8, , , , , , , , ,18.8, , , , , , , , ,71, , , , , , , , 
648:All,Douglas County,19, , , , , , , , ,18.3, , , , , , , , ,18.6, , , , , , , , ,19.3, , , , , , , , ,19.4, , , , , , , , ,350, , , , , , , , 
649:2050,Early County High School,17.1, , , , , , , , ,16.5, , , , , , , , ,16.7, , , , , , , , ,17.4, , , , , , , , ,17.1, , , , , , , , ,42, , , , , , , , 
649:All,Early County,17.1, , , , , , , , ,16.5, , , , , , , , ,16.7, , , , , , , , ,17.4, , , , , , , , ,17.1, , , , , , , , ,42, , , , , , , , 
650:1050,Echols County High/Elementary School,18.6, , , , , , , , ,17.3, , , , , , , , ,17.7, , , , , , , , ,19.5, , , , , , , , ,19.9, , , , , , , , ,11, , , , , , , , 
650:All,Echols County,18.6, , , , , , , , ,17.3, , , , , , , , ,17.7, , , , , , , , ,19.5, , , , , , , , ,19.9, , , , , , , , ,11, , , , , , , , 
651:197,South Effingham High School,18.9, , , , , , , , ,18, , , , , , , , ,19.6, , , , , , , , ,18.7, , , , , , , , ,18.8, , , , , , , , ,47, , , , , , , , 
651:390,Effingham County High School,18, , , , , , , , ,17.1, , , , , , , , ,17.6, , , , , , , , ,18.5, , , , , , , , ,18, , , , , , , , ,26, , , , , , , , 
651:All,Effingham County,18.6, , , , , , , , ,17.7, , , , , , , , ,18.9, , , , , , , , ,18.6, , , , , , , , ,18.5, , , , , , , , ,73, , , , , , , , 
652:176,Elbert County High School,17.5, , , , , , , , ,16.6, , , , , , , , ,17.7, , , , , , , , ,17.6, , , , , , , , ,17.7, , , , , , , , ,42, , , , , , , , 
652:All,Elbert County,17.5, , , , , , , , ,16.6, , , , , , , , ,17.7, , , , , , , , ,17.6, , , , , , , , ,17.7, , , , , , , , ,42, , , , , , , , 
653:189,Swainsboro High School,15.6, , , , , , , , ,14.4, , , , , , , , ,15.9, , , , , , , , ,15.2, , , , , , , , ,16.6, , , , , , , , ,29, , , , , , , , 
653:2050,Emanuel County Institute, , , , , , , , , , , , , , , , , , , , , , , , , , , , , , , , , , , , , , , , , , , , , ,4, , , , , , , , 
653:All,Emanuel County,15.7, , , , , , , , ,14.5, , , , , , , , ,16.2, , , , , , , , ,15.2, , , , , , , , ,16.8, , , , , , , , ,33, , , , , , , , 
654:2050,Claxton High School,16.3, , , , , , , , ,14.7, , , , , , , , ,16.3, , , , , , , , ,17.2, , , , , , , , ,16.8, , , , , , , , ,6, , , , , , , , 
654:All,Evans County,16.3, , , , , , , , ,14.7, , , , , , , , ,16.3, , , , , , , , ,17.2, , , , , , , , ,16.8, , , , , , , , ,6, , , , , , , , 
655:176,Fannin County High School,18.3, , , , , , , , ,17, , , , , , , , ,18.1, , , , , , , , ,18.5, , , , , , , , ,19.1, , , , , , , , ,25, , , , , , , , 
655:All,Fannin County,18.3, , , , , , , , ,17, , , , , , , , ,18.1, , , , , , , , ,18.5, , , , , , , , ,19.1, , , , , , , , ,25, , , , , , , , 
656:182,McIntosh High School,23.9, , , , , , , , ,23.4, , , , , , , , ,24.2, , , , , , , , ,24.5, , , , , , , , ,22.9, , , , , , , , ,126, , , , , , , , 
656:192,Sandy Creek High School,20.7, , , , , , , , ,19.9, , , , , , , , ,20.8, , , , , , , , ,20.6, , , , , , , , ,20.9, , , , , , , , ,79, , , , , , , , 
656:194,Evening School, , , , , , , , , , , , , , , , , , , , , , , , , , , , , , , , , , , , , , , , , , , , , ,1, , , , , , , , 
656:198,Starrs Mill High School,22.9, , , , , , , , ,22.4, , , , , , , , ,23.1, , , , , , , , ,23.3, , , , , , , , ,22.4, , , , , , , , ,179, , , , , , , , 
656:398,Fayette County High School,20.9, , , , , , , , ,20.1, , , , , , , , ,21.5, , , , , , , , ,20.6, , , , , , , , ,20.9, , , , , , , , ,162, , , , , , , , 
656:All,Fayette County,22.2, , , , , , , , ,21.6, , , , , , , , ,22.6, , , , , , , , ,22.4, , , , , , , , ,21.8, , , , , , , , ,549, , , , , , , , 
657:201,Model 9-12 High School,20.5, , , , , , , , ,20, , , , , , , , ,20.1, , , , , , , , ,20.5, , , , , , , , ,20.7, , , , , , , , ,35, , , , , , , , 
657:401,Armuchee High School,20.7, , , , , , , , ,20.7, , , , , , , , ,20.6, , , , , , , , ,20.9, , , , , , , , ,19.7, , , , , , , , ,32, , , , , , , , 
657:5050,Coosa High School,19.3, , , , , , , , ,18.9, , , , , , , , ,18, , , , , , , , ,20, , , , , , , , ,19.9, , , , , , , , ,45, , , , , , , , 
657:5054,Pepperell High School,18.6, , , , , , , , ,17.7, , , , , , , , ,18.2, , , , , , , , ,18.6, , , , , , , , ,19.2, , , , , , , , ,45, , , , , , , , 
657:All,Floyd County,19.6, , , , , , , , ,19.2, , , , , , , , ,19.1, , , , , , , , ,19.9, , , , , , , , ,19.8, , , , , , , , ,157, , , , , , , , 
658:190,South Forsyth High School,23.1, , , , , , , , ,22.8, , , , , , , , ,22.7, , , , , , , , ,23.8, , , , , , , , ,22.5, , , , , , , , ,183, , , , , , , , 
658:195,North Forsyth High School,20.8, , , , , , , , ,20.4, , , , , , , , ,20, , , , , , , , ,21.8, , , , , , , , ,20.5, , , , , , , , ,71, , , , , , , , 
658:5050,Forsyth Central High School,22, , , , , , , , ,21.8, , , , , , , , ,21.4, , , , , , , , ,22.2, , , , , , , , ,21.8, , , , , , , , ,83, , , , , , , , 
658:All,Forsyth County,22.3, , , , , , , , ,22.1, , , , , , , , ,21.8, , , , , , , , ,23, , , , , , , , ,21.9, , , , , , , , ,337, , , , , , , , 
659:3050,Franklin County High School,19.4, , , , , , , , ,18.7, , , , , , , , ,18.5, , , , , , , , ,20.5, , , , , , , , ,19, , , , , , , , ,15, , , , , , , , 
659:All,Franklin County,19.4, , , , , , , , ,18.7, , , , , , , , ,18.5, , , , , , , , ,20.5, , , , , , , , ,19, , , , , , , , ,15, , , , , , , , 
660:176,Banneker High School,15.7, , , , , , , , ,14.7, , , , , , , , ,16.5, , , , , , , , ,15.2, , , , , , , , ,16.2, , , , , , , , ,73, , , , , , , , 
660:191,Roswell High School,23.3, , , , , , , , ,23.4, , , , , , , , ,23.4, , , , , , , , ,23.2, , , , , , , , ,22.8, , , , , , , , ,150, , , , , , , , 
660:198,Centennial High School,22.2, , , , , , , , ,22, , , , , , , , ,22.2, , , , , , , , ,22.5, , , , , , , , ,21.5, , , , , , , , ,116, , , , , , , , 
660:203,Northview High School,23.6, , , , , , , , ,23.1, , , , , , , , ,24.1, , , , , , , , ,24, , , , , , , , ,22.9, , , , , , , , ,156, , , , , , , , 
660:205,Alpharetta High School,20.9, , , , , , , , ,20, , , , , , , , ,20.9, , , , , , , , ,21.8, , , , , , , , ,20.2, , , , , , , , ,24, , , , , , , , 
660:2060,Milton High School,22.1, , , , , , , , ,21.6, , , , , , , , ,22.4, , , , , , , , ,22.3, , , , , , , , ,21.5, , , , , , , , ,112, , , , , , , , 
660:291,Creekside High School,16.7, , , , , , , , ,15.4, , , , , , , , ,16.6, , , , , , , , ,16.7, , , , , , , , ,17.4, , , , , , , , ,64, , , , , , , , 
660:3066,Riverwood High School,21.7, , , , , , , , ,21.2, , , , , , , , ,21.2, , , , , , , , ,22.4, , , , , , , , ,21, , , , , , , , ,98, , , , , , , , 
660:386,Independence Alternative School,19.9, , , , , , , , ,19.4, , , , , , , , ,18.9, , , , , , , , ,21.6, , , , , , , , ,19.2, , , , , , , , ,21, , , , , , , , 
660:392,Chattahoochee High School,23.9, , , , , , , , ,23.1, , , , , , , , ,24.5, , , , , , , , ,23.9, , , , , , , , ,23.6, , , , , , , , ,103, , , , , , , , 
660:4062,North Springs High School,21.9, , , , , , , , ,21.2, , , , , , , , ,21.7, , , , , , , , ,22.5, , , , , , , , ,21.5, , , , , , , , ,104, , , , , , , , 
660:5069,Westlake High School,18.8, , , , , , , , ,18.5, , , , , , , , ,18.9, , , , , , , , ,18.9, , , , , , , , ,18.6, , , , , , , , ,80, , , , , , , , 
660:602,Fulton Science Academy,25.8, , , , , , , , ,25.4, , , , , , , , ,27.8, , , , , , , , ,24.8, , , , , , , , ,25.2, , , , , , , , ,5, , , , , , , , 
660:691,Tri-Cities High School,16.2, , , , , , , , ,15, , , , , , , , ,16.7, , , , , , , , ,16.1, , , , , , , , ,16.6, , , , , , , , ,38, , , , , , , , 
660:All,Fulton County,21.4, , , , , , , , ,20.9, , , , , , , , ,21.6, , , , , , , , ,21.6, , , , , , , , ,21, , , , , , , , ,1144, , , , , , , , 
661:196,Gilmer  High School,20.3, , , , , , , , ,19.2, , , , , , , , ,20.3, , , , , , , , ,20.9, , , , , , , , ,20.5, , , , , , , , ,30, , , , , , , , 
661:All,Gilmer County,20.3, , , , , , , , ,19.2, , , , , , , , ,20.3, , , , , , , , ,20.9, , , , , , , , ,20.5, , , , , , , , ,30, , , , , , , , 
662:196,Glascock County Consolidated School, , , , , , , , , , , , , , , , , , , , , , , , , , , , , , , , , , , , , , , , , , , , , ,4, , , , , , , , 
662:All,Glascock County, , , , , , , , , , , , , , , , , , , , , , , , , , , , , , , , , , , , , , , , , , , , , ,4, , , , , , , , 
663:3552,Brunswick High School,18.4, , , , , , , , ,17.9, , , , , , , , ,18.6, , , , , , , , ,18.4, , , , , , , , ,18.5, , , , , , , , ,72, , , , , , , , 
663:4752,Glynn Academy,21, , , , , , , , ,20.3, , , , , , , , ,21, , , , , , , , ,21.6, , , , , , , , ,20.7, , , , , , , , ,129, , , , , , , , 
663:All,Glynn County,20.1, , , , , , , , ,19.4, , , , , , , , ,20.1, , , , , , , , ,20.5, , , , , , , , ,19.9, , , , , , , , ,201, , , , , , , , 
664:286,Gordon Central High School,19.5, , , , , , , , ,19, , , , , , , , ,19.6, , , , , , , , ,19.5, , , , , , , , ,19.1, , , , , , , , ,23, , , , , , , , 
664:All,Gordon County,19.5, , , , , , , , ,19, , , , , , , , ,19.6, , , , , , , , ,19.5, , , , , , , , ,19.1, , , , , , , , ,23, , , , , , , , 
665:1050,Cairo High School,18.3, , , , , , , , ,17.4, , , , , , , , ,18.1, , , , , , , , ,18.6, , , , , , , , ,18.5, , , , , , , , ,55, , , , , , , , 
665:All,Grady County,18.3, , , , , , , , ,17.4, , , , , , , , ,18.1, , , , , , , , ,18.6, , , , , , , , ,18.5, , , , , , , , ,55, , , , , , , , 
666:401,Greene County High School,16.5, , , , , , , , ,15.7, , , , , , , , ,17.4, , , , , , , , ,16.2, , , , , , , , ,16.4, , , , , , , , ,40, , , , , , , , 
666:All,Greene County,16.5, , , , , , , , ,15.7, , , , , , , , ,17.4, , , , , , , , ,16.2, , , , , , , , ,16.4, , , , , , , , ,40, , , , , , , , 
667:101,Grayson High School,21.1, , , , , , , , ,20.4, , , , , , , , ,21.2, , , , , , , , ,21.3, , , , , , , , ,20.8, , , , , , , , ,172, , , , , , , , 
667:103,Norcross High School,20.8, , , , , , , , ,19.5, , , , , , , , ,21.5, , , , , , , , ,21.2, , , , , , , , ,20.4, , , , , , , , ,113, , , , , , , , 
667:105,Mill Creek High School,21.3, , , , , , , , ,21.1, , , , , , , , ,20.7, , , , , , , , ,22, , , , , , , , ,20.7, , , , , , , , ,55, , , , , , , , 
667:1050,Berkmar High School,19.6, , , , , , , , ,18.6, , , , , , , , ,20.1, , , , , , , , ,19.3, , , , , , , , ,19.9, , , , , , , , ,147, , , , , , , , 
667:176,Parkview High School,22.7, , , , , , , , ,22.1, , , , , , , , ,23.2, , , , , , , , ,22.9, , , , , , , , ,22.2, , , , , , , , ,180, , , , , , , , 
667:182,Brookwood High School,22.6, , , , , , , , ,21.8, , , , , , , , ,22.9, , , , , , , , ,22.9, , , , , , , , ,22.1, , , , , , , , ,190, , , , , , , , 
667:185,Shiloh High School,20.3, , , , , , , , ,20, , , , , , , , ,20.4, , , , , , , , ,20.6, , , , , , , , ,20, , , , , , , , ,151, , , , , , , , 
667:187,Meadowcreek High School,18.8, , , , , , , , ,17.8, , , , , , , , ,19.7, , , , , , , , ,17.7, , , , , , , , ,19.4, , , , , , , , ,64, , , , , , , , 
667:189,Phoenix High School,17.7, , , , , , , , ,15.8, , , , , , , , ,19.1, , , , , , , , ,17.6, , , , , , , , ,17.7, , , , , , , , ,10, , , , , , , , 
667:195,Collins Hill High School,22, , , , , , , , ,21, , , , , , , , ,22.5, , , , , , , , ,22.1, , , , , , , , ,21.7, , , , , , , , ,179, , , , , , , , 
667:2558,South Gwinnett High School,21.3, , , , , , , , ,20.3, , , , , , , , ,21.4, , , , , , , , ,21.6, , , , , , , , ,21.4, , , , , , , , ,96, , , , , , , , 
667:3750,Central Gwinnett High School,20.2, , , , , , , , ,19, , , , , , , , ,20.6, , , , , , , , ,20, , , , , , , , ,20.5, , , , , , , , ,180, , , , , , , , 
667:4052,Dacula High School,21.3, , , , , , , , ,20.9, , , , , , , , ,21.5, , , , , , , , ,21.4, , , , , , , , ,21, , , , , , , , ,98, , , , , , , , 
667:4556,North Gwinnett High School,22.7, , , , , , , , ,22.3, , , , , , , , ,22.8, , , , , , , , ,23, , , , , , , , ,22, , , , , , , , ,93, , , , , , , , 
667:5550,Duluth High School,21.4, , , , , , , , ,21, , , , , , , , ,22, , , , , , , , ,21.4, , , , , , , , ,21.1, , , , , , , , ,127, , , , , , , , 
667:805,Peachtree Ridge High School,21.1, , , , , , , , ,20.5, , , , , , , , ,21, , , , , , , , ,21.5, , , , , , , , ,21, , , , , , , , ,94, , , , , , , , 
667:All,Gwinnett County,21.2, , , , , , , , ,20.5, , , , , , , , ,21.5, , , , , , , , ,21.3, , , , , , , , ,21, , , , , , , , ,1950, , , , , , , , 
668:2052,Habersham Central High School,22.6, , , , , , , , ,22.4, , , , , , , , ,21.4, , , , , , , , ,24.3, , , , , , , , ,21.6, , , , , , , , ,16, , , , , , , , 
668:All,Habersham County,22.6, , , , , , , , ,22.4, , , , , , , , ,21.4, , , , , , , , ,24.3, , , , , , , , ,21.6, , , , , , , , ,16, , , , , , , , 
669:102,Chestatee High School,20.3, , , , , , , , ,19, , , , , , , , ,20.5, , , , , , , , ,20.8, , , , , , , , ,20, , , , , , , , ,30, , , , , , , , 
669:1552,East Hall High School,17.2, , , , , , , , ,16.1, , , , , , , , ,17.1, , , , , , , , ,17.6, , , , , , , , ,17.8, , , , , , , , ,18, , , , , , , , 
669:1556,North Hall High School,19, , , , , , , , ,18.5, , , , , , , , ,18.9, , , , , , , , ,19.4, , , , , , , , ,18.7, , , , , , , , ,31, , , , , , , , 
669:189,West Hall High School,20.9, , , , , , , , ,20.5, , , , , , , , ,20.1, , , , , , , , ,22.5, , , , , , , , ,20, , , , , , , , ,17, , , , , , , , 
669:202,Flowery Branch High School,19.9, , , , , , , , ,19.4, , , , , , , , ,20.7, , , , , , , , ,20.5, , , , , , , , ,19.2, , , , , , , , ,17, , , , , , , , 
669:4752,Johnson High School,20.5, , , , , , , , ,20.4, , , , , , , , ,19.4, , , , , , , , ,21.4, , , , , , , , ,20.6, , , , , , , , ,23, , , , , , , , 
669:All,Hall County,19.7, , , , , , , , ,19, , , , , , , , ,19.5, , , , , , , , ,20.3, , , , , , , , ,19.4, , , , , , , , ,136, , , , , , , , 
670:288,Hancock Central High School,15.6, , , , , , , , ,14.3, , , , , , , , ,15.9, , , , , , , , ,15.3, , , , , , , , ,15.7, , , , , , , , ,10, , , , , , , , 
670:All,Hancock County,15.6, , , , , , , , ,14.3, , , , , , , , ,15.9, , , , , , , , ,15.3, , , , , , , , ,15.7, , , , , , , , ,10, , , , , , , , 
671:3050,Haralson County High School,19.9, , , , , , , , ,19.6, , , , , , , , ,20.4, , , , , , , , ,20.5, , , , , , , , ,18.8, , , , , , , , ,8, , , , , , , , 
671:All,Haralson County,19.9, , , , , , , , ,19.6, , , , , , , , ,20.4, , , , , , , , ,20.5, , , , , , , , ,18.8, , , , , , , , ,8, , , , , , , , 
672:299,Harris County High School,18.3, , , , , , , , ,17.4, , , , , , , , ,18, , , , , , , , ,18.7, , , , , , , , ,18.4, , , , , , , , ,84, , , , , , , , 
672:All,Harris County,18.3, , , , , , , , ,17.4, , , , , , , , ,18, , , , , , , , ,18.7, , , , , , , , ,18.4, , , , , , , , ,84, , , , , , , , 
673:3050,Hart County High School,18.6, , , , , , , , ,18.1, , , , , , , , ,18.7, , , , , , , , ,18.1, , , , , , , , ,18.9, , , , , , , , ,16, , , , , , , , 
673:All,Hart County,18.6, , , , , , , , ,18.1, , , , , , , , ,18.7, , , , , , , , ,18.1, , , , , , , , ,18.9, , , , , , , , ,16, , , , , , , , 
674:4050,Heard County High School,16.6, , , , , , , , ,15.2, , , , , , , , ,17.2, , , , , , , , ,16.4, , , , , , , , ,16.6, , , , , , , , ,10, , , , , , , , 
674:All,Heard County,16.6, , , , , , , , ,15.2, , , , , , , , ,17.2, , , , , , , , ,16.4, , , , , , , , ,16.6, , , , , , , , ,10, , , , , , , , 
675:101,Union Grove High,20.8, , , , , , , , ,20.2, , , , , , , , ,20.6, , , , , , , , ,21.2, , , , , , , , ,20.5, , , , , , , , ,206, , , , , , , , 
675:104,Luella High School,19.6, , , , , , , , ,18.7, , , , , , , , ,19.7, , , , , , , , ,19.7, , , , , , , , ,19.7, , , , , , , , ,58, , , , , , , , 
675:195,Patrick Henry High School, , , , , , , , , , , , , , , , , , , , , , , , , , , , , , , , , , , , , , , , , , , , , ,2, , , , , , , , 
675:295,Stockbridge High School,19.7, , , , , , , , ,19.3, , , , , , , , ,19.4, , , , , , , , ,20.3, , , , , , , , ,19.3, , , , , , , , ,66, , , , , , , , 
675:3050,Henry County High School,18.6, , , , , , , , ,17, , , , , , , , ,19.2, , , , , , , , ,18.1, , , , , , , , ,19.3, , , , , , , , ,52, , , , , , , , 
675:391,Eagle's Landing High School,20.1, , , , , , , , ,19.9, , , , , , , , ,19.7, , , , , , , , ,20.5, , , , , , , , ,19.8, , , , , , , , ,139, , , , , , , , 
675:All,Henry County,20.1, , , , , , , , ,19.5, , , , , , , , ,19.9, , , , , , , , ,20.4, , , , , , , , ,19.9, , , , , , , , ,523, , , , , , , , 
676:1054,Perry High School,19, , , , , , , , ,17.5, , , , , , , , ,19, , , , , , , , ,20.1, , , , , , , , ,18.8, , , , , , , , ,20, , , , , , , , 
676:192,Houston County High School,20.4, , , , , , , , ,19.8, , , , , , , , ,20.2, , , , , , , , ,20.9, , , , , , , , ,20, , , , , , , , ,69, , , , , , , , 
676:2052,Northside High School,18.3, , , , , , , , ,17.4, , , , , , , , ,18.3, , , , , , , , ,18.8, , , , , , , , ,18.3, , , , , , , , ,101, , , , , , , , 
676:4056,Warner Robins High School,19.8, , , , , , , , ,18.6, , , , , , , , ,20.3, , , , , , , , ,19.5, , , , , , , , ,20.3, , , , , , , , ,61, , , , , , , , 
676:All,Houston County,19.3, , , , , , , , ,18.4, , , , , , , , ,19.4, , , , , , , , ,19.7, , , , , , , , ,19.3, , , , , , , , ,252, , , , , , , , 
677:2050,Irwin County High School,18.3, , , , , , , , ,17.2, , , , , , , , ,18.4, , , , , , , , ,18.2, , , , , , , , ,18.7, , , , , , , , ,39, , , , , , , , 
677:All,Irwin County,18.3, , , , , , , , ,17.2, , , , , , , , ,18.4, , , , , , , , ,18.2, , , , , , , , ,18.7, , , , , , , , ,39, , , , , , , , 
678:191,Jackson County High School,19.9, , , , , , , , ,19, , , , , , , , ,19.4, , , , , , , , ,20.7, , , , , , , , ,19.9, , , , , , , , ,69, , , , , , , , 
678:All,Jackson County,19.9, , , , , , , , ,19, , , , , , , , ,19.4, , , , , , , , ,20.7, , , , , , , , ,19.9, , , , , , , , ,69, , , , , , , , 
679:101,Jasper County  High School,16.6, , , , , , , , ,16.1, , , , , , , , ,16.1, , , , , , , , ,16, , , , , , , , ,18.1, , , , , , , , ,14, , , , , , , , 
679:All,Jasper County,16.6, , , , , , , , ,16.1, , , , , , , , ,16.1, , , , , , , , ,16, , , , , , , , ,18.1, , , , , , , , ,14, , , , , , , , 
680:199,Jeff Davis High School,16.3, , , , , , , , ,15.7, , , , , , , , ,16.6, , , , , , , , ,16.2, , , , , , , , ,15.9, , , , , , , , ,9, , , , , , , , 
680:All,Jeff Davis County,16.3, , , , , , , , ,15.7, , , , , , , , ,16.6, , , , , , , , ,16.2, , , , , , , , ,15.9, , , , , , , , ,9, , , , , , , , 
681:196,Jefferson County High School, , , , , , , , , , , , , , , , , , , , , , , , , , , , , , , , , , , , , , , , , , , , , ,4, , , , , , , , 
681:All,Jefferson County, , , , , , , , , , , , , , , , , , , , , , , , , , , , , , , , , , , , , , , , , , , , , ,4, , , , , , , , 
682:201,Jenkins County High School,16.8, , , , , , , , ,17.1, , , , , , , , ,16.4, , , , , , , , ,16.3, , , , , , , , ,16.9, , , , , , , , ,23, , , , , , , , 
682:All,Jenkins County,16.8, , , , , , , , ,17.1, , , , , , , , ,16.4, , , , , , , , ,16.3, , , , , , , , ,16.9, , , , , , , , ,23, , , , , , , , 
683:201,Johnson County High School ,20.6, , , , , , , , ,20.6, , , , , , , , ,20.4, , , , , , , , ,23.2, , , , , , , , ,18.6, , , , , , , , ,5, , , , , , , , 
683:All,Johnson County,20.6, , , , , , , , ,20.6, , , , , , , , ,20.4, , , , , , , , ,23.2, , , , , , , , ,18.6, , , , , , , , ,5, , , , , , , , 
684:192,Jones County High School,21, , , , , , , , ,20.5, , , , , , , , ,19.7, , , , , , , , ,22.5, , , , , , , , ,20.7, , , , , , , , ,35, , , , , , , , 
684:All,Jones County,21, , , , , , , , ,20.5, , , , , , , , ,19.7, , , , , , , , ,22.5, , , , , , , , ,20.7, , , , , , , , ,35, , , , , , , , 
685:175,Lamar County Comprehensive High School,17.4, , , , , , , , ,16.6, , , , , , , , ,17, , , , , , , , ,17.3, , , , , , , , ,17.8, , , , , , , , ,17, , , , , , , , 
685:All,Lamar County,17.4, , , , , , , , ,16.6, , , , , , , , ,17, , , , , , , , ,17.3, , , , , , , , ,17.8, , , , , , , , ,17, , , , , , , , 
686:201,Lanier County High School,20.9, , , , , , , , ,21.3, , , , , , , , ,19.2, , , , , , , , ,21.1, , , , , , , , ,21.4, , , , , , , , ,17, , , , , , , , 
686:All,Lanier County,20.9, , , , , , , , ,21.3, , , , , , , , ,19.2, , , , , , , , ,21.1, , , , , , , , ,21.4, , , , , , , , ,17, , , , , , , , 
687:197,East Laurens High School,17.8, , , , , , , , ,19, , , , , , , , ,17.6, , , , , , , , ,16.2, , , , , , , , ,17.8, , , , , , , , ,5, , , , , , , , 
687:3054,West Laurens High School,20.4, , , , , , , , ,20.2, , , , , , , , ,20.3, , , , , , , , ,20.9, , , , , , , , ,19.6, , , , , , , , ,28, , , , , , , , 
687:All,Laurens County,20, , , , , , , , ,20, , , , , , , , ,19.8, , , , , , , , ,20.2, , , , , , , , ,19.3, , , , , , , , ,33, , , , , , , , 
688:193,Lee County High School,20.4, , , , , , , , ,19.8, , , , , , , , ,20.4, , , , , , , , ,20.6, , , , , , , , ,20.3, , , , , , , , ,76, , , , , , , , 
688:All,Lee County,20.4, , , , , , , , ,19.8, , , , , , , , ,20.4, , , , , , , , ,20.6, , , , , , , , ,20.3, , , , , , , , ,76, , , , , , , , 
689:105,Bradwell Institute,17.6, , , , , , , , ,17.1, , , , , , , , ,17, , , , , , , , ,18, , , , , , , , ,17.9, , , , , , , , ,66, , , , , , , , 
689:192,Liberty County High School,16.8, , , , , , , , ,15.9, , , , , , , , ,16.4, , , , , , , , ,17, , , , , , , , ,17.6, , , , , , , , ,56, , , , , , , , 
689:All,Liberty County,17.2, , , , , , , , ,16.6, , , , , , , , ,16.7, , , , , , , , ,17.5, , , , , , , , ,17.8, , , , , , , , ,122, , , , , , , , 
690:201,Lincoln County High School,15.8, , , , , , , , ,14.6, , , , , , , , ,16.3, , , , , , , , ,15, , , , , , , , ,16.4, , , , , , , , ,9, , , , , , , , 
690:All,Lincoln County,15.8, , , , , , , , ,14.6, , , , , , , , ,16.3, , , , , , , , ,15, , , , , , , , ,16.4, , , , , , , , ,9, , , , , , , , 
691:205,Long County High School,15.9, , , , , , , , ,14.4, , , , , , , , ,16.1, , , , , , , , ,15.5, , , , , , , , ,17.2, , , , , , , , ,13, , , , , , , , 
691:All,Long County,15.9, , , , , , , , ,14.4, , , , , , , , ,16.1, , , , , , , , ,15.5, , , , , , , , ,17.2, , , , , , , , ,13, , , , , , , , 
692:5050,Lowndes High School,19.5, , , , , , , , ,19, , , , , , , , ,19.5, , , , , , , , ,19.5, , , , , , , , ,19.8, , , , , , , , ,60, , , , , , , , 
692:All,Lowndes County,19.5, , , , , , , , ,19, , , , , , , , ,19.5, , , , , , , , ,19.5, , , , , , , , ,19.8, , , , , , , , ,60, , , , , , , , 
693:101,New Lumpkin County High School,18.3, , , , , , , , ,17.3, , , , , , , , ,17.4, , , , , , , , ,19.3, , , , , , , , ,18.5, , , , , , , , ,31, , , , , , , , 
693:All,Lumpkin County,18.3, , , , , , , , ,17.3, , , , , , , , ,17.4, , , , , , , , ,19.3, , , , , , , , ,18.5, , , , , , , , ,31, , , , , , , , 
694:2060,Macon County High School,15.4, , , , , , , , ,14.7, , , , , , , , ,15.6, , , , , , , , ,14.9, , , , , , , , ,15.7, , , , , , , , ,19, , , , , , , , 
694:All,Macon County,15.4, , , , , , , , ,14.7, , , , , , , , ,15.6, , , , , , , , ,14.9, , , , , , , , ,15.7, , , , , , , , ,19, , , , , , , , 
695:5050,Madison County High School,19, , , , , , , , ,18.9, , , , , , , , ,17.4, , , , , , , , ,20, , , , , , , , ,19.4, , , , , , , , ,33, , , , , , , , 
695:All,Madison County,19, , , , , , , , ,18.9, , , , , , , , ,17.4, , , , , , , , ,20, , , , , , , , ,19.4, , , , , , , , ,33, , , , , , , , 
696:275,Tri-County High School,15.5, , , , , , , , ,15.5, , , , , , , , ,16.2, , , , , , , , ,14.3, , , , , , , , ,15.7, , , , , , , , ,12, , , , , , , , 
696:All,Marion County,15.5, , , , , , , , ,15.5, , , , , , , , ,16.2, , , , , , , , ,14.3, , , , , , , , ,15.7, , , , , , , , ,12, , , , , , , , 
697:192,Thomson High School,18.7, , , , , , , , ,18.5, , , , , , , , ,18.2, , , , , , , , ,19.1, , , , , , , , ,18.8, , , , , , , , ,37, , , , , , , , 
697:All,McDuffie County,18.7, , , , , , , , ,18.5, , , , , , , , ,18.2, , , , , , , , ,19.1, , , , , , , , ,18.8, , , , , , , , ,37, , , , , , , , 
698:104,New McIntosh County Academy,14.6, , , , , , , , ,13.1, , , , , , , , ,16, , , , , , , , ,13.5, , , , , , , , ,15.8, , , , , , , , ,12, , , , , , , , 
698:All,McIntosh County,14.6, , , , , , , , ,13.1, , , , , , , , ,16, , , , , , , , ,13.5, , , , , , , , ,15.8, , , , , , , , ,12, , , , , , , , 
699:300,Greenville High School,15.2, , , , , , , , ,13.6, , , , , , , , ,15.3, , , , , , , , ,14, , , , , , , , ,17.1, , , , , , , , ,17, , , , , , , , 
699:4050,Manchester High School,17.2, , , , , , , , ,17, , , , , , , , ,17.9, , , , , , , , ,16.1, , , , , , , , ,17.4, , , , , , , , ,29, , , , , , , , 
699:All,Meriwether County,16.5, , , , , , , , ,15.8, , , , , , , , ,16.9, , , , , , , , ,15.3, , , , , , , , ,17.3, , , , , , , , ,46, , , , , , , , 
700:201,Miller County High School, , , , , , , , , , , , , , , , , , , , , , , , , , , , , , , , , , , , , , , , , , , , , ,2, , , , , , , , 
700:All,Miller County, , , , , , , , , , , , , , , , , , , , , , , , , , , , , , , , , , , , , , , , , , , , , ,2, , , , , , , , 
701:282,Mitchell-Baker High School,15.7, , , , , , , , ,15.3, , , , , , , , ,16, , , , , , , , ,15.1, , , , , , , , ,16.3, , , , , , , , ,25, , , , , , , , 
701:All,Mitchell County,15.7, , , , , , , , ,15.3, , , , , , , , ,16, , , , , , , , ,15.1, , , , , , , , ,16.3, , , , , , , , ,25, , , , , , , , 
702:184,Mary Persons High School,18, , , , , , , , ,17.4, , , , , , , , ,17.8, , , , , , , , ,18.4, , , , , , , , ,18.3, , , , , , , , ,29, , , , , , , , 
702:All,Monroe County,18, , , , , , , , ,17.4, , , , , , , , ,17.8, , , , , , , , ,18.4, , , , , , , , ,18.3, , , , , , , , ,29, , , , , , , , 
703:201,Montgomery Co. High, , , , , , , , , , , , , , , , , , , , , , , , , , , , , , , , , , , , , , , , , , , , , ,2, , , , , , , , 
703:All,Montgomery County, , , , , , , , , , , , , , , , , , , , , , , , , , , , , , , , , , , , , , , , , , , , , ,2, , , , , , , , 
704:1050,Morgan County High School,20, , , , , , , , ,19.7, , , , , , , , ,19.3, , , , , , , , ,20.4, , , , , , , , ,20.2, , , , , , , , ,84, , , , , , , , 
704:All,Morgan County,20, , , , , , , , ,19.7, , , , , , , , ,19.3, , , , , , , , ,20.4, , , , , , , , ,20.2, , , , , , , , ,84, , , , , , , , 
705:190,Murray County High School,17.9, , , , , , , , ,17.6, , , , , , , , ,17.7, , , , , , , , ,17.6, , , , , , , , ,18.4, , , , , , , , ,43, , , , , , , , 
705:All,Murray County,17.9, , , , , , , , ,17.6, , , , , , , , ,17.7, , , , , , , , ,17.6, , , , , , , , ,18.4, , , , , , , , ,43, , , , , , , , 
706:1064,Kendrick High School,17.2, , , , , , , , ,15.5, , , , , , , , ,18, , , , , , , , ,17.1, , , , , , , , ,17.8, , , , , , , , ,37, , , , , , , , 
706:203,Northside High School,19.6, , , , , , , , ,19.4, , , , , , , , ,20.2, , , , , , , , ,18.9, , , , , , , , ,19.4, , , , , , , , ,34, , , , , , , , 
706:2062,Hardaway High School,18.3, , , , , , , , ,17.4, , , , , , , , ,18.4, , , , , , , , ,18.1, , , , , , , , ,18.5, , , , , , , , ,34, , , , , , , , 
706:278,Shaw High School,16.7, , , , , , , , ,15.3, , , , , , , , ,16.6, , , , , , , , ,16.5, , , , , , , , ,18.1, , , , , , , , ,26, , , , , , , , 
706:3054,Columbus High School,23.6, , , , , , , , ,23.5, , , , , , , , ,23.3, , , , , , , , ,24.5, , , , , , , , ,22.5, , , , , , , , ,46, , , , , , , , 
706:378,Spencer High School,16.1, , , , , , , , ,14.4, , , , , , , , ,16.1, , , , , , , , ,16.6, , , , , , , , ,16.8, , , , , , , , ,34, , , , , , , , 
706:5052,Carver High School,16.1, , , , , , , , ,15.1, , , , , , , , ,16.4, , , , , , , , ,15.8, , , , , , , , ,16.5, , , , , , , , ,60, , , , , , , , 
706:5062,Jordan Vocational High School,16.4, , , , , , , , ,15.7, , , , , , , , ,16.4, , , , , , , , ,16.3, , , , , , , , ,16.5, , , , , , , , ,10, , , , , , , , 
706:All,Muscogee County,18.2, , , , , , , , ,17.3, , , , , , , , ,18.4, , , , , , , , ,18.2, , , , , , , , ,18.4, , , , , , , , ,281, , , , , , , , 
707:173,Newton  High School,19.6, , , , , , , , ,19.1, , , , , , , , ,19.4, , , , , , , , ,19.6, , , , , , , , ,19.9, , , , , , , , ,203, , , , , , , , 
707:295,Eastside High School,19.4, , , , , , , , ,18.8, , , , , , , , ,19, , , , , , , , ,19.7, , , , , , , , ,19.4, , , , , , , , ,123, , , , , , , , 
707:All,Newton County,19.5, , , , , , , , ,19, , , , , , , , ,19.2, , , , , , , , ,19.6, , , , , , , , ,19.7, , , , , , , , ,327, , , , , , , , 
708:293,Oconee County High School,22, , , , , , , , ,21.9, , , , , , , , ,21.5, , , , , , , , ,22.3, , , , , , , , ,21.5, , , , , , , , ,164, , , , , , , , 
708:All,Oconee County,22, , , , , , , , ,21.9, , , , , , , , ,21.5, , , , , , , , ,22.3, , , , , , , , ,21.5, , , , , , , , ,164, , , , , , , , 
709:2050,Oglethorpe County High School,19.4, , , , , , , , ,19.1, , , , , , , , ,19.5, , , , , , , , ,19.7, , , , , , , , ,19, , , , , , , , ,48, , , , , , , , 
709:All,Oglethorpe County,19.4, , , , , , , , ,19.1, , , , , , , , ,19.5, , , , , , , , ,19.7, , , , , , , , ,19, , , , , , , , ,48, , , , , , , , 
710:101,Hiram High School,18.4, , , , , , , , ,17.4, , , , , , , , ,18.4, , , , , , , , ,18.7, , , , , , , , ,18.7, , , , , , , , ,68, , , , , , , , 
710:2552,Paulding County High School,19.2, , , , , , , , ,18.3, , , , , , , , ,18.9, , , , , , , , ,19.5, , , , , , , , ,19.3, , , , , , , , ,42, , , , , , , , 
710:292,East Paulding High School,20, , , , , , , , ,19.4, , , , , , , , ,19.9, , , , , , , , ,19.9, , , , , , , , ,20.2, , , , , , , , ,64, , , , , , , , 
710:All,Paulding County,19.2, , , , , , , , ,18.4, , , , , , , , ,19.1, , , , , , , , ,19.3, , , , , , , , ,19.4, , , , , , , , ,174, , , , , , , , 
711:2052,Peach County High School,17.8, , , , , , , , ,16.7, , , , , , , , ,17.7, , , , , , , , ,18, , , , , , , , ,18.1, , , , , , , , ,42, , , , , , , , 
711:All,Peach County,17.8, , , , , , , , ,16.7, , , , , , , , ,17.7, , , , , , , , ,18, , , , , , , , ,18.1, , , , , , , , ,42, , , , , , , , 
712:198,Pickens County High School,19.5, , , , , , , , ,19, , , , , , , , ,19, , , , , , , , ,20.5, , , , , , , , ,18.8, , , , , , , , ,31, , , , , , , , 
712:All,Pickens County,19.5, , , , , , , , ,19, , , , , , , , ,19, , , , , , , , ,20.5, , , , , , , , ,18.8, , , , , , , , ,31, , , , , , , , 
713:182,Pierce County High School,16, , , , , , , , ,15.1, , , , , , , , ,16.4, , , , , , , , ,15.5, , , , , , , , ,16.3, , , , , , , , ,15, , , , , , , , 
713:All,Pierce County,16, , , , , , , , ,15.1, , , , , , , , ,16.4, , , , , , , , ,15.5, , , , , , , , ,16.3, , , , , , , , ,15, , , , , , , , 
714:194,Pike County High School,20.3, , , , , , , , ,18.5, , , , , , , , ,20.1, , , , , , , , ,19.9, , , , , , , , ,22, , , , , , , , ,8, , , , , , , , 
714:All,Pike County,20.3, , , , , , , , ,18.5, , , , , , , , ,20.1, , , , , , , , ,19.9, , , , , , , , ,22, , , , , , , , ,8, , , , , , , , 
715:102,Rockmart High School,17.9, , , , , , , , ,18, , , , , , , , ,17.5, , , , , , , , ,17.1, , , , , , , , ,18.9, , , , , , , , ,24, , , , , , , , 
715:5050,Cedartown High School,20.4, , , , , , , , ,19.5, , , , , , , , ,20, , , , , , , , ,20.6, , , , , , , , ,20.7, , , , , , , , ,61, , , , , , , , 
715:All,Polk County,19.7, , , , , , , , ,19, , , , , , , , ,19.3, , , , , , , , ,19.6, , , , , , , , ,20.2, , , , , , , , ,85, , , , , , , , 
716:2050,Hawkinsville High School,18.5, , , , , , , , ,19.3, , , , , , , , ,18.3, , , , , , , , ,17.9, , , , , , , , ,17.7, , , , , , , , ,22, , , , , , , , 
716:All,Pulaski County,18.5, , , , , , , , ,19.3, , , , , , , , ,18.3, , , , , , , , ,17.9, , , , , , , , ,17.7, , , , , , , , ,22, , , , , , , , 
717:276,Putnam County High School,16.1, , , , , , , , ,14.5, , , , , , , , ,16.7, , , , , , , , ,14.8, , , , , , , , ,17.7, , , , , , , , ,20, , , , , , , , 
717:All,Putnam County,16.1, , , , , , , , ,14.5, , , , , , , , ,16.7, , , , , , , , ,14.8, , , , , , , , ,17.7, , , , , , , , ,20, , , , , , , , 
719:177,Rabun County High School ,18.9, , , , , , , , ,17.9, , , , , , , , ,18, , , , , , , , ,20, , , , , , , , ,19.1, , , , , , , , ,41, , , , , , , , 
719:All,Rabun County,18.9, , , , , , , , ,17.9, , , , , , , , ,18, , , , , , , , ,20, , , , , , , , ,19.1, , , , , , , , ,41, , , , , , , , 
720:201,Randolph Clay High School,14, , , , , , , , ,13.1, , , , , , , , ,15.1, , , , , , , , ,13.8, , , , , , , , ,13.5, , , , , , , , ,8, , , , , , , , 
720:All,Randolph County,14, , , , , , , , ,13.1, , , , , , , , ,15.1, , , , , , , , ,13.8, , , , , , , , ,13.5, , , , , , , , ,8, , , , , , , , 
721:100,Cross Creek High School,17.8, , , , , , , , ,16.2, , , , , , , , ,18.8, , , , , , , , ,17.6, , , , , , , , ,18.2, , , , , , , , ,9, , , , , , , , 
721:1052,Butler High School,15.5, , , , , , , , ,14.2, , , , , , , , ,15.5, , , , , , , , ,15.7, , , , , , , , ,15.9, , , , , , , , ,11, , , , , , , , 
721:2056,Hephzibah High School,17.4, , , , , , , , ,16.5, , , , , , , , ,17.3, , , , , , , , ,17.4, , , , , , , , ,17.8, , , , , , , , ,42, , , , , , , , 
721:2574,Westside High School,18.8, , , , , , , , ,18.1, , , , , , , , ,19.1, , , , , , , , ,18.9, , , , , , , , ,18.6, , , , , , , , ,36, , , , , , , , 
721:3054,Glenn Hills High School, , , , , , , , , , , , , , , , , , , , , , , , , , , , , , , , , , , , , , , , , , , , , ,3, , , , , , , , 
721:3556,Johnson Magnet,21.2, , , , , , , , ,21.3, , , , , , , , ,21.5, , , , , , , , ,20.4, , , , , , , , ,20.8, , , , , , , , ,12, , , , , , , , 
721:3756,Josey High School,14.2, , , , , , , , ,13.3, , , , , , , , ,15.1, , , , , , , , ,14.3, , , , , , , , ,13.9, , , , , , , , ,30, , , , , , , , 
721:4060,Academy of Richmond County High School,21.8, , , , , , , , ,20.6, , , , , , , , ,21.5, , , , , , , , ,22.5, , , , , , , , ,21.3, , , , , , , , ,18, , , , , , , , 
721:4562,Davidson Magnet School,24, , , , , , , , ,24.1, , , , , , , , ,24.5, , , , , , , , ,23.8, , , , , , , , ,23, , , , , , , , ,25, , , , , , , , 
721:5566,Laney High School, , , , , , , , , , , , , , , , , , , , , , , , , , , , , , , , , , , , , , , , , , , , , ,1, , , , , , , , 
721:All,Richmond County,18.6, , , , , , , , ,17.9, , , , , , , , ,18.9, , , , , , , , ,18.6, , , , , , , , ,18.4, , , , , , , , ,187, , , , , , , , 
722:176,Heritage High School,21.5, , , , , , , , ,21.1, , , , , , , , ,21.9, , , , , , , , ,21.4, , , , , , , , ,21.2, , , , , , , , ,150, , , , , , , , 
722:192,Salem High School,20.9, , , , , , , , ,20.5, , , , , , , , ,20.8, , , , , , , , ,21, , , , , , , , ,20.6, , , , , , , , ,141, , , , , , , , 
722:3052,Rockdale County High School,20.3, , , , , , , , ,19.7, , , , , , , , ,20.1, , , , , , , , ,21, , , , , , , , ,19.7, , , , , , , , ,120, , , , , , , , 
722:All,Rockdale County,20.9, , , , , , , , ,20.5, , , , , , , , ,21, , , , , , , , ,21.1, , , , , , , , ,20.6, , , , , , , , ,411, , , , , , , , 
723:101,Schley Middle High School, , , , , , , , , , , , , , , , , , , , , , , , , , , , , , , , , , , , , , , , , , , , , ,3, , , , , , , , 
723:All,Schley County, , , , , , , , , , , , , , , , , , , , , , , , , , , , , , , , , , , , , , , , , , , , , ,3, , , , , , , , 
724:4052,Screven County High School,21.3, , , , , , , , ,18.7, , , , , , , , ,22.2, , , , , , , , ,21.7, , , , , , , , ,22.2, , , , , , , , ,15, , , , , , , , 
724:All,Screven County,21.3, , , , , , , , ,18.7, , , , , , , , ,22.2, , , , , , , , ,21.7, , , , , , , , ,22.2, , , , , , , , ,15, , , , , , , , 
725:196,Seminole County Middle/High School,17.9, , , , , , , , ,18.4, , , , , , , , ,17.7, , , , , , , , ,17.3, , , , , , , , ,17.7, , , , , , , , ,10, , , , , , , , 
725:All,Seminole County,17.9, , , , , , , , ,18.4, , , , , , , , ,17.7, , , , , , , , ,17.3, , , , , , , , ,17.7, , , , , , , , ,10, , , , , , , , 
726:101,Spalding High School,20.5, , , , , , , , ,20.6, , , , , , , , ,19.1, , , , , , , , ,21.7, , , , , , , , ,20.2, , , , , , , , ,52, , , , , , , , 
726:187,Griffin High School,18.5, , , , , , , , ,18.3, , , , , , , , ,18.3, , , , , , , , ,18.4, , , , , , , , ,18.6, , , , , , , , ,43, , , , , , , , 
726:All,Spalding County,19.6, , , , , , , , ,19.6, , , , , , , , ,18.7, , , , , , , , ,20.2, , , , , , , , ,19.5, , , , , , , , ,95, , , , , , , , 
727:5050,Stephens County High School,20.5, , , , , , , , ,20.6, , , , , , , , ,19.7, , , , , , , , ,20.7, , , , , , , , ,20.2, , , , , , , , ,61, , , , , , , , 
727:All,Stephens County,20.5, , , , , , , , ,20.6, , , , , , , , ,19.7, , , , , , , , ,20.7, , , , , , , , ,20.2, , , , , , , , ,61, , , , , , , , 
728:201,Stewart-Quitman High School, , , , , , , , , , , , , , , , , , , , , , , , , , , , , , , , , , , , , , , , , , , , , ,3, , , , , , , , 
728:All,Stewart County, , , , , , , , , , , , , , , , , , , , , , , , , , , , , , , , , , , , , , , , , , , , , ,3, , , , , , , , 
729:105,Americus Sumter County High South,16.4, , , , , , , , ,16.1, , , , , , , , ,16.8, , , , , , , , ,15.7, , , , , , , , ,16.4, , , , , , , , ,42, , , , , , , , 
729:205,Americus Sumter County High North,17.4, , , , , , , , ,16.4, , , , , , , , ,15.6, , , , , , , , ,18.6, , , , , , , , ,18.2, , , , , , , , ,5, , , , , , , , 
729:All,Sumter County,16.5, , , , , , , , ,16.1, , , , , , , , ,16.7, , , , , , , , ,16, , , , , , , , ,16.6, , , , , , , , ,47, , , , , , , , 
730:190,Central Elementary/High School, , , , , , , , , , , , , , , , , , , , , , , , , , , , , , , , , , , , , , , , , , , , , ,3, , , , , , , , 
730:All,Talbot County, , , , , , , , , , , , , , , , , , , , , , , , , , , , , , , , , , , , , , , , , , , , , ,3, , , , , , , , 
732:194,Tattnall County High School,15.4, , , , , , , , ,14, , , , , , , , ,17.2, , , , , , , , ,14, , , , , , , , ,16.2, , , , , , , , ,5, , , , , , , , 
732:All,Tattnall County,15.4, , , , , , , , ,14, , , , , , , , ,17.2, , , , , , , , ,14, , , , , , , , ,16.2, , , , , , , , ,5, , , , , , , , 
733:201,Taylor County High School, , , , , , , , , , , , , , , , , , , , , , , , , , , , , , , , , , , , , , , , , , , , , ,3, , , , , , , , 
733:All,Taylor County, , , , , , , , , , , , , , , , , , , , , , , , , , , , , , , , , , , , , , , , , , , , , ,3, , , , , , , , 
734:201,Telfair County High School,23.6, , , , , , , , ,24.4, , , , , , , , ,24.6, , , , , , , , ,23.4, , , , , , , , ,21.6, , , , , , , , ,5, , , , , , , , 
734:All,Telfair County,23.6, , , , , , , , ,24.4, , , , , , , , ,24.6, , , , , , , , ,23.4, , , , , , , , ,21.6, , , , , , , , ,5, , , , , , , , 
735:4050,Terrell County Middle/High School,16.7, , , , , , , , ,17, , , , , , , , ,16.6, , , , , , , , ,16.9, , , , , , , , ,15.8, , , , , , , , ,19, , , , , , , , 
735:All,Terrell County,16.7, , , , , , , , ,17, , , , , , , , ,16.6, , , , , , , , ,16.9, , , , , , , , ,15.8, , , , , , , , ,19, , , , , , , , 
736:191,Thomas County Central High School,16.9, , , , , , , , ,15.8, , , , , , , , ,17, , , , , , , , ,16.7, , , , , , , , ,17.4, , , , , , , , ,47, , , , , , , , 
736:All,Thomas County,16.9, , , , , , , , ,15.8, , , , , , , , ,17, , , , , , , , ,16.7, , , , , , , , ,17.4, , , , , , , , ,47, , , , , , , , 
737:199,Tift County High School,19.7, , , , , , , , ,19, , , , , , , , ,19.9, , , , , , , , ,20.1, , , , , , , , ,19.5, , , , , , , , ,23, , , , , , , , 
737:All,Tift County,19.7, , , , , , , , ,19, , , , , , , , ,19.9, , , , , , , , ,20.1, , , , , , , , ,19.5, , , , , , , , ,23, , , , , , , , 
738:192,Toombs County High School,15.5, , , , , , , , ,13, , , , , , , , ,16.4, , , , , , , , ,16.4, , , , , , , , ,15.8, , , , , , , , ,10, , , , , , , , 
738:All,Toombs County,15.5, , , , , , , , ,13, , , , , , , , ,16.4, , , , , , , , ,16.4, , , , , , , , ,15.8, , , , , , , , ,10, , , , , , , , 
739:194,Mountain Education Center, , , , , , , , , , , , , , , , , , , , , , , , , , , , , , , , , , , , , , , , , , , , , ,1, , , , , , , , 
739:204,Towns County High School, , , , , , , , , , , , , , , , , , , , , , , , , , , , , , , , , , , , , , , , , , , , , ,4, , , , , , , , 
739:All,Towns County,20.6, , , , , , , , ,21, , , , , , , , ,19.4, , , , , , , , ,21, , , , , , , , ,20.6, , , , , , , , ,5, , , , , , , , 
741:1052,LaGrange High School,19.2, , , , , , , , ,18.5, , , , , , , , ,18.9, , , , , , , , ,19.7, , , , , , , , ,19.1, , , , , , , , ,89, , , , , , , , 
741:201,Callaway High School,18.4, , , , , , , , ,17.1, , , , , , , , ,18, , , , , , , , ,18.5, , , , , , , , ,19.5, , , , , , , , ,31, , , , , , , , 
741:387,Troup County High School,17.8, , , , , , , , ,16.9, , , , , , , , ,17.7, , , , , , , , ,17.7, , , , , , , , ,18.7, , , , , , , , ,72, , , , , , , , 
741:All,Troup County,18.5, , , , , , , , ,17.7, , , , , , , , ,18.3, , , , , , , , ,18.7, , , , , , , , ,19, , , , , , , , ,192, , , , , , , , 
742:3050,Turner County High School,17.1, , , , , , , , ,16, , , , , , , , ,16.4, , , , , , , , ,17, , , , , , , , ,18.7, , , , , , , , ,7, , , , , , , , 
742:All,Turner County,17.1, , , , , , , , ,16, , , , , , , , ,16.4, , , , , , , , ,17, , , , , , , , ,18.7, , , , , , , , ,7, , , , , , , , 
743:201,Twiggs County High School,17.3, , , , , , , , ,17.1, , , , , , , , ,16.8, , , , , , , , ,17.4, , , , , , , , ,17.8, , , , , , , , ,29, , , , , , , , 
743:All,Twiggs County,17.3, , , , , , , , ,17.1, , , , , , , , ,16.8, , , , , , , , ,17.4, , , , , , , , ,17.8, , , , , , , , ,29, , , , , , , , 
744:101,Union County High School,21.3, , , , , , , , ,21.9, , , , , , , , ,19.9, , , , , , , , ,23.1, , , , , , , , ,20, , , , , , , , ,31, , , , , , , , 
744:All,Union County,21.3, , , , , , , , ,21.9, , , , , , , , ,19.9, , , , , , , , ,23.1, , , , , , , , ,20, , , , , , , , ,31, , , , , , , , 
745:195,Upson-Lee High School,19.1, , , , , , , , ,18.7, , , , , , , , ,19, , , , , , , , ,18.9, , , , , , , , ,19.6, , , , , , , , ,35, , , , , , , , 
745:All,Thomaston-Upson County,19.1, , , , , , , , ,18.7, , , , , , , , ,19, , , , , , , , ,18.9, , , , , , , , ,19.6, , , , , , , , ,35, , , , , , , , 
746:190,Ridgeland High School,19.1, , , , , , , , ,18.4, , , , , , , , ,19.2, , , , , , , , ,19.4, , , , , , , , ,19, , , , , , , , ,46, , , , , , , , 
746:198,LaFayette High School,20.2, , , , , , , , ,20, , , , , , , , ,19, , , , , , , , ,20.7, , , , , , , , ,20.3, , , , , , , , ,72, , , , , , , , 
746:All,Walker County,19.8, , , , , , , , ,19.4, , , , , , , , ,19.1, , , , , , , , ,20.2, , , , , , , , ,19.8, , , , , , , , ,118, , , , , , , , 
747:199,Loganville High School,19.8, , , , , , , , ,18.8, , , , , , , , ,19.6, , , , , , , , ,20.1, , , , , , , , ,20.1, , , , , , , , ,52, , , , , , , , 
747:4050,Monroe High School,18.8, , , , , , , , ,18.4, , , , , , , , ,18.7, , , , , , , , ,19, , , , , , , , ,18.7, , , , , , , , ,32, , , , , , , , 
747:All,Walton County,19.4, , , , , , , , ,18.6, , , , , , , , ,19.2, , , , , , , , ,19.7, , , , , , , , ,19.5, , , , , , , , ,84, , , , , , , , 
748:194,Ware Magnet School,22.2, , , , , , , , ,22.8, , , , , , , , ,21.4, , , , , , , , ,22.2, , , , , , , , ,22.4, , , , , , , , ,5, , , , , , , , 
748:195,Ware County High School,17.3, , , , , , , , ,16.6, , , , , , , , ,17.3, , , , , , , , ,17.4, , , , , , , , ,17.6, , , , , , , , ,20, , , , , , , , 
748:All,Ware County,18.3, , , , , , , , ,17.8, , , , , , , , ,18.1, , , , , , , , ,18.4, , , , , , , , ,18.5, , , , , , , , ,25, , , , , , , , 
749:205,Warren County High School,14.9, , , , , , , , ,14.9, , , , , , , , ,14.4, , , , , , , , ,14.9, , , , , , , , ,15.1, , , , , , , , ,7, , , , , , , , 
749:All,Warren County,14.9, , , , , , , , ,14.9, , , , , , , , ,14.4, , , , , , , , ,14.9, , , , , , , , ,15.1, , , , , , , , ,7, , , , , , , , 
750:1052,Washington County High School,17.7, , , , , , , , ,16.9, , , , , , , , ,17.9, , , , , , , , ,17.1, , , , , , , , ,18.3, , , , , , , , ,70, , , , , , , , 
750:All,Washington County,17.7, , , , , , , , ,16.9, , , , , , , , ,17.9, , , , , , , , ,17.1, , , , , , , , ,18.3, , , , , , , , ,70, , , , , , , , 
751:101,Wayne County High School,19.6, , , , , , , , ,19.4, , , , , , , , ,19.3, , , , , , , , ,19.6, , , , , , , , ,19.4, , , , , , , , ,40, , , , , , , , 
751:All,Wayne County,19.6, , , , , , , , ,19.4, , , , , , , , ,19.3, , , , , , , , ,19.6, , , , , , , , ,19.4, , , , , , , , ,40, , , , , , , , 
753:3052,Wheeler County High School, , , , , , , , , , , , , , , , , , , , , , , , , , , , , , , , , , , , , , , , , , , , , ,2, , , , , , , , 
753:All,Wheeler County, , , , , , , , , , , , , , , , , , , , , , , , , , , , , , , , , , , , , , , , , , , , , ,2, , , , , , , , 
754:105,White County High School,19.3, , , , , , , , ,18.8, , , , , , , , ,17.7, , , , , , , , ,20.7, , , , , , , , ,19.7, , , , , , , , ,19, , , , , , , , 
754:All,White County,19.3, , , , , , , , ,18.8, , , , , , , , ,17.7, , , , , , , , ,20.7, , , , , , , , ,19.7, , , , , , , , ,19, , , , , , , , 
755:175,Northwest Whitfield County High School,20.3, , , , , , , , ,20.1, , , , , , , , ,19.6, , , , , , , , ,20.9, , , , , , , , ,20, , , , , , , , ,104, , , , , , , , 
755:191,Phoenix High School, , , , , , , , , , , , , , , , , , , , , , , , , , , , , , , , , , , , , , , , , , , , , ,1, , , , , , , , 
755:275,Southeast Whitfield County High School,19.6, , , , , , , , ,18.7, , , , , , , , ,19.1, , , , , , , , ,20.2, , , , , , , , ,20.1, , , , , , , , ,66, , , , , , , , 
755:All,Whitfield County,20, , , , , , , , ,19.5, , , , , , , , ,19.3, , , , , , , , ,20.6, , , , , , , , ,20, , , , , , , , ,171, , , , , , , , 
756:201,Wilcox County High School,17.6, , , , , , , , ,16.9, , , , , , , , ,17.1, , , , , , , , ,17.7, , , , , , , , ,18.4, , , , , , , , ,9, , , , , , , , 
756:All,Wilcox County,17.6, , , , , , , , ,16.9, , , , , , , , ,17.1, , , , , , , , ,17.7, , , , , , , , ,18.4, , , , , , , , ,9, , , , , , , , 
757:173,Washington-Wilkes High School,15.8, , , , , , , , ,14.6, , , , , , , , ,16.2, , , , , , , , ,15.5, , , , , , , , ,16.1, , , , , , , , ,27, , , , , , , , 
757:All,Wilkes County,15.8, , , , , , , , ,14.6, , , , , , , , ,16.2, , , , , , , , ,15.5, , , , , , , , ,16.1, , , , , , , , ,27, , , , , , , , 
758:3050,Wilkinson County High School,16.8, , , , , , , , ,16.5, , , , , , , , ,16.7, , , , , , , , ,16.4, , , , , , , , ,17.1, , , , , , , , ,42, , , , , , , , 
758:All,Wilkinson County,16.8, , , , , , , , ,16.5, , , , , , , , ,16.7, , , , , , , , ,16.4, , , , , , , , ,17.1, , , , , , , , ,42, , , , , , , , 
759:176,Worth County High School,17.3, , , , , , , , ,16.2, , , , , , , , ,17.3, , , , , , , , ,17.5, , , , , , , , ,17.8, , , , , , , , ,32, , , , , , , , 
759:All,Worth County,17.3, , , , , , , , ,16.2, , , , , , , , ,17.3, , , , , , , , ,17.5, , , , , , , , ,17.8, , , , , , , , ,32, , , , , , , , 
761:182,Mays High School,17.3, , , , , , , , ,16.3, , , , , , , , ,17, , , , , , , , ,17.8, , , , , , , , ,17.4, , , , , , , , ,122, , , , , , , , 
761:186,Southside High School,14.9, , , , , , , , ,14.5, , , , , , , , ,15.8, , , , , , , , ,14.3, , , , , , , , ,14.9, , , , , , , , ,17, , , , , , , , 
761:192,North Atlanta High School,19.5, , , , , , , , ,19.9, , , , , , , , ,18.6, , , , , , , , ,19.8, , , , , , , , ,19.2, , , , , , , , ,101, , , , , , , , 
761:195,South Atlanta High School,14.9, , , , , , , , ,13.8, , , , , , , , ,15.8, , , , , , , , ,14.2, , , , , , , , ,15.2, , , , , , , , ,25, , , , , , , , 
761:2664,Crim High School,15.6, , , , , , , , ,15, , , , , , , , ,15.1, , , , , , , , ,15.1, , , , , , , , ,16.9, , , , , , , , ,7, , , , , , , , 
761:3055,Carver High School,12.8, , , , , , , , ,11.3, , , , , , , , ,13.8, , , , , , , , ,12.2, , , , , , , , ,13.2, , , , , , , , ,6, , , , , , , , 
761:4058,Douglass High School,16.7, , , , , , , , ,15.6, , , , , , , , ,16.4, , , , , , , , ,17, , , , , , , , ,17.1, , , , , , , , ,187, , , , , , , , 
761:4560,Grady High School,20.7, , , , , , , , ,21.2, , , , , , , , ,19.9, , , , , , , , ,21.2, , , , , , , , ,19.9, , , , , , , , ,50, , , , , , , , 
761:4567,Therrell High School,15.3, , , , , , , , ,14.1, , , , , , , , ,14.4, , , , , , , , ,16.1, , , , , , , , ,16.5, , , , , , , , ,18, , , , , , , , 
761:4568,Washington High School,16.8, , , , , , , , ,16, , , , , , , , ,17.3, , , , , , , , ,16.8, , , , , , , , ,16.8, , , , , , , , ,43, , , , , , , , 
761:All,Atlanta Public Schools,17.4, , , , , , , , ,16.8, , , , , , , , ,17.1, , , , , , , , ,17.7, , , , , , , , ,17.6, , , , , , , , ,576, , , , , , , , 
763:201,Bremen High School,19.9, , , , , , , , ,19.5, , , , , , , , ,19.5, , , , , , , , ,20.4, , , , , , , , ,19.6, , , , , , , , ,17, , , , , , , , 
763:All,Bremen City,19.9, , , , , , , , ,19.5, , , , , , , , ,19.5, , , , , , , , ,20.4, , , , , , , , ,19.6, , , , , , , , ,17, , , , , , , , 
764:191,Buford High School,19.6, , , , , , , , ,18.8, , , , , , , , ,20.3, , , , , , , , ,19.5, , , , , , , , ,19.5, , , , , , , , ,37, , , , , , , , 
764:All,Buford City,19.6, , , , , , , , ,18.8, , , , , , , , ,20.3, , , , , , , , ,19.5, , , , , , , , ,19.5, , , , , , , , ,37, , , , , , , , 
765:3050,Calhoun High School,21, , , , , , , , ,19.9, , , , , , , , ,21.2, , , , , , , , ,21.4, , , , , , , , ,20.6, , , , , , , , ,68, , , , , , , , 
765:All,Calhoun City,21, , , , , , , , ,19.9, , , , , , , , ,21.2, , , , , , , , ,21.4, , , , , , , , ,20.6, , , , , , , , ,68, , , , , , , , 
766:1050,Carrollton High School,19.1, , , , , , , , ,18.8, , , , , , , , ,19.5, , , , , , , , ,19.2, , , , , , , , ,18.6, , , , , , , , ,68, , , , , , , , 
766:All,Carrollton City,19.1, , , , , , , , ,18.8, , , , , , , , ,19.5, , , , , , , , ,19.2, , , , , , , , ,18.6, , , , , , , , ,68, , , , , , , , 
767:2050,Cartersville High School,19.7, , , , , , , , ,19.4, , , , , , , , ,19.8, , , , , , , , ,20.3, , , , , , , , ,18.9, , , , , , , , ,43, , , , , , , , 
767:All,Cartersville City,19.7, , , , , , , , ,19.4, , , , , , , , ,19.8, , , , , , , , ,20.3, , , , , , , , ,18.9, , , , , , , , ,43, , , , , , , , 
769:201,Gordon Lee High School,19.4, , , , , , , , ,19.2, , , , , , , , ,19, , , , , , , , ,19.8, , , , , , , , ,19.1, , , , , , , , ,29, , , , , , , , 
769:All,Chickamauga City,19.4, , , , , , , , ,19.2, , , , , , , , ,19, , , , , , , , ,19.8, , , , , , , , ,19.1, , , , , , , , ,29, , , , , , , , 
771:2050,Commerce High School,17.1, , , , , , , , ,16.6, , , , , , , , ,17.2, , , , , , , , ,17.6, , , , , , , , ,17.4, , , , , , , , ,19, , , , , , , , 
771:All,Commerce City,17.1, , , , , , , , ,16.6, , , , , , , , ,17.2, , , , , , , , ,17.6, , , , , , , , ,17.4, , , , , , , , ,19, , , , , , , , 
772:4050,Dalton High School,20.5, , , , , , , , ,20, , , , , , , , ,20, , , , , , , , ,21.4, , , , , , , , ,20, , , , , , , , ,76, , , , , , , , 
772:All,Dalton City,20.5, , , , , , , , ,20, , , , , , , , ,20, , , , , , , , ,21.4, , , , , , , , ,20, , , , , , , , ,76, , , , , , , , 
773:3050,Decatur High School,21.8, , , , , , , , ,21.2, , , , , , , , ,21.4, , , , , , , , ,22, , , , , , , , ,22, , , , , , , , ,48, , , , , , , , 
773:All,Decatur City,21.8, , , , , , , , ,21.2, , , , , , , , ,21.4, , , , , , , , ,22, , , , , , , , ,22, , , , , , , , ,48, , , , , , , , 
774:3050,Dublin High School,19.1, , , , , , , , ,18.4, , , , , , , , ,19.8, , , , , , , , ,19, , , , , , , , ,19, , , , , , , , ,10, , , , , , , , 
774:All,Dublin City,19.1, , , , , , , , ,18.4, , , , , , , , ,19.8, , , , , , , , ,19, , , , , , , , ,19, , , , , , , , ,10, , , , , , , , 
776:3050,Gainesville High School,19.9, , , , , , , , ,19.7, , , , , , , , ,20.5, , , , , , , , ,19.7, , , , , , , , ,19.2, , , , , , , , ,54, , , , , , , , 
776:All,Gainesville City,19.9, , , , , , , , ,19.7, , , , , , , , ,20.5, , , , , , , , ,19.7, , , , , , , , ,19.2, , , , , , , , ,54, , , , , , , , 
779:174,Jefferson High School,18.7, , , , , , , , ,17.8, , , , , , , , ,19.9, , , , , , , , ,18.2, , , , , , , , ,18.7, , , , , , , , ,27, , , , , , , , 
779:All,Jefferson City,18.7, , , , , , , , ,17.8, , , , , , , , ,19.9, , , , , , , , ,18.2, , , , , , , , ,18.7, , , , , , , , ,27, , , , , , , , 
781:101,Marietta High School ,19.7, , , , , , , , ,18.8, , , , , , , , ,19.8, , , , , , , , ,20.2, , , , , , , , ,19.4, , , , , , , , ,106, , , , , , , , 
781:All,Marietta City,19.7, , , , , , , , ,18.8, , , , , , , , ,19.8, , , , , , , , ,20.2, , , , , , , , ,19.4, , , , , , , , ,106, , , , , , , , 
784:101,Pelham High School,17, , , , , , , , ,16.1, , , , , , , , ,17.6, , , , , , , , ,17.1, , , , , , , , ,16.6, , , , , , , , ,18, , , , , , , , 
784:All,Pelham City,17, , , , , , , , ,16.1, , , , , , , , ,17.6, , , , , , , , ,17.1, , , , , , , , ,16.6, , , , , , , , ,18, , , , , , , , 
785:193,Rome High School,20.6, , , , , , , , ,19.9, , , , , , , , ,20.7, , , , , , , , ,20.9, , , , , , , , ,20.5, , , , , , , , ,121, , , , , , , , 
785:All,Rome City,20.6, , , , , , , , ,19.9, , , , , , , , ,20.7, , , , , , , , ,20.9, , , , , , , , ,20.5, , , , , , , , ,121, , , , , , , , 
786:300,Social Circle High School,20.3, , , , , , , , ,20.1, , , , , , , , ,19.8, , , , , , , , ,20.6, , , , , , , , ,20, , , , , , , , ,24, , , , , , , , 
786:All,Social Circle City,20.3, , , , , , , , ,20.1, , , , , , , , ,19.8, , , , , , , , ,20.6, , , , , , , , ,20, , , , , , , , ,24, , , , , , , , 
789:4052,Thomasville High School,18.2, , , , , , , , ,17.9, , , , , , , , ,18.3, , , , , , , , ,17.9, , , , , , , , ,18.2, , , , , , , , ,46, , , , , , , , 
789:All,Thomasville City,18.2, , , , , , , , ,17.9, , , , , , , , ,18.3, , , , , , , , ,17.9, , , , , , , , ,18.2, , , , , , , , ,46, , , , , , , , 
791:301,Trion High School,20.4, , , , , , , , ,21, , , , , , , , ,17.8, , , , , , , , ,22, , , , , , , , ,19.8, , , , , , , , ,5, , , , , , , , 
791:All,Trion City,20.4, , , , , , , , ,21, , , , , , , , ,17.8, , , , , , , , ,22, , , , , , , , ,19.8, , , , , , , , ,5, , , , , , , , 
792:273,Valdosta High School,18.9, , , , , , , , ,17.5, , , , , , , , ,19, , , , , , , , ,20.2, , , , , , , , ,18.2, , , , , , , , ,60, , , , , , , , 
792:All,Valdosta City,18.9, , , , , , , , ,17.5, , , , , , , , ,19, , , , , , , , ,20.2, , , , , , , , ,18.2, , , , , , , , ,60, , , , , , , , 
793:273,Vidalia Comprehensive High School,18.3, , , , , , , , ,17.2, , , , , , , , ,18.1, , , , , , , , ,20, , , , , , , , ,17.3, , , , , , , , ,21, , , , , , , , 
793:All,Vidalia City,18.3, , , , , , , , ,17.2, , , , , , , , ,18.1, , , , , , , , ,20, , , , , , , , ,17.3, , , , , , , , ,21, , , , , , , , 
All:All,State Of Georgia,20, , , , , , , , ,19.4, , , , , , , , ,19.8, , , , , , , , ,20.3, , , , , , , , ,19.8, , , , , , , , ,23324, , , , , , , , 
